"Code","RepNo","Ticker","CntryCode","ExchCode","Name_","PerTypeCode","PerTypeDesc","PERENDDT","InterimNo","STMTDT","STMTTYPECODE","StmtTypeDesc","LINEID","ITEM","COA","ItemDesc","VALUE_","ORIGANNCDT","PERLEN","PERLENCODE","UPDTYPECODE","UpdTypeDesc","SOURCE","SOURCEDT","SYSDT"
105312,F8FCE,IDFCFIRSTB,IND,NSE ,IDFC First Bank Ltd,1,Annual,2024-03-31 00:00:00.000,,2024-03-31 00:00:00.000,1,INC,180,18,RFLI,Interest & Fees on Loans,259158.872,2024-04-27 00:00:00.000,12,M,UPD,Updated Normal,ARS,2024-08-07 00:00:00.000,2024-04-29 00:00:00.000
105312,F8FCE,IDFCFIRSTB,IND,NSE ,IDFC First Bank Ltd,1,Annual,2024-03-31 00:00:00.000,,2024-03-31 00:00:00.000,1,INC,190,19,RISI,Interest & Dividends on Investment Secs.,41176.915,2024-04-27 00:00:00.000,12,M,UPD,Updated Normal,ARS,2024-08-07 00:00:00.000,2024-04-29 00:00:00.000
105312,F8FCE,IDFCFIRSTB,IND,NSE ,IDFC First Bank Ltd,1,Annual,2024-03-31 00:00:00.000,,2024-03-31 00:00:00.000,1,INC,210,21,RDPT,Interest on Deposits,940.035,2024-04-27 00:00:00.000,12,M,UPD,Updated Normal,ARS,2024-08-07 00:00:00.000,2024-04-29 00:00:00.000
105312,F8FCE,IDFCFIRSTB,IND,NSE ,IDFC First Bank Ltd,1,Annual,2024-03-31 00:00:00.000,,2024-03-31 00:00:00.000,1,INC,220,22,ROII,Other Interest Income,1975.325,2024-04-27 00:00:00.000,12,M,UPD,Updated Normal,ARS,2024-08-07 00:00:00.000,2024-04-29 00:00:00.000
105312,F8FCE,IDFCFIRSTB,IND,NSE ,IDFC First Bank Ltd,1,Annual,2024-03-31 00:00:00.000,,2024-03-31 00:00:00.000,1,INC,250,25,SIIB,"Interest Income, Bank",303251.147,2024-04-27 00:00:00.000,12,M,UPD,Updated Normal,ARS,2024-08-07 00:00:00.000,2024-04-29 00:00:00.000
105312,F8FCE,IDFCFIRSTB,IND,NSE ,IDFC First Bank Ltd,1,Annual,2024-03-31 00:00:00.000,,2024-03-31 00:00:00.000,1,INC,400,40,EIOD,Interest on Deposit,101593.564,2024-04-27 00:00:00.000,12,M,UPD,Updated Normal,ARS,2024-08-07 00:00:00.000,2024-04-29 00:00:00.000
105312,F8FCE,IDFCFIRSTB,IND,NSE ,IDFC First Bank Ltd,1,Annual,2024-03-31 00:00:00.000,,2024-03-31 00:00:00.000,1,INC,410,41,EIOB,Interest on Other Borrowings,37109.465,2024-04-27 00:00:00.000,12,M,UPD,Updated Normal,ARS,2024-08-07 00:00:00.000,2024-04-29 00:00:00.000
105312,F8FCE,IDFCFIRSTB,IND,NSE ,IDFC First Bank Ltd,1,Annual,2024-03-31 00:00:00.000,,2024-03-31 00:00:00.000,1,INC,430,43,STIE,Total Interest Expense,138703.029,2024-04-27 00:00:00.000,12,M,UPD,Updated Normal,ARS,2024-08-07 00:00:00.000,2024-04-29 00:00:00.000
105312,F8FCE,IDFCFIRSTB,IND,NSE ,IDFC First Bank Ltd,1,Annual,2024-03-31 00:00:00.000,,2024-03-31 00:00:00.000,1,INC,440,44,ENII,Net Interest Income,164548.118,2024-04-27 00:00:00.000,12,M,UPD,Updated Normal,ARS,2024-08-07 00:00:00.000,2024-04-29 00:00:00.000
105312,F8FCE,IDFCFIRSTB,IND,NSE ,IDFC First Bank Ltd,1,Annual,2024-03-31 00:00:00.000,,2024-03-31 00:00:00.000,1,INC,450,45,ELLP,Loan Loss Provision,24835.948,2024-04-27 00:00:00.000,12,M,UPD,Updated Normal,ARS,2024-08-07 00:00:00.000,2024-04-29 00:00:00.000
105312,F8FCE,IDFCFIRSTB,IND,NSE ,IDFC First Bank Ltd,1,Annual,2024-03-31 00:00:00.000,,2024-03-31 00:00:00.000,1,INC,460,46,SIAP,Net Interest Inc. After Loan Loss Prov.,139712.17,2024-04-27 00:00:00.000,12,M,UPD,Updated Normal,ARS,2024-08-07 00:00:00.000,2024-04-29 00:00:00.000
105312,F8FCE,IDFCFIRSTB,IND,NSE ,IDFC First Bank Ltd,1,Annual,2024-03-31 00:00:00.000,,2024-03-31 00:00:00.000,1,INC,940,94,NFAC,Fees & Commissions from Operations,52881.128,2024-04-27 00:00:00.000,12,M,UPD,Updated Normal,ARS,2024-08-07 00:00:00.000,2024-04-29 00:00:00.000
105312,F8FCE,IDFCFIRSTB,IND,NSE ,IDFC First Bank Ltd,1,Annual,2024-03-31 00:00:00.000,,2024-03-31 00:00:00.000,1,INC,1010,101,NSGL,Investment Securities Gains,2054.186,2024-04-27 00:00:00.000,12,M,UPD,Updated Normal,ARS,2024-08-07 00:00:00.000,2024-04-29 00:00:00.000
105312,F8FCE,IDFCFIRSTB,IND,NSE ,IDFC First Bank Ltd,1,Annual,2024-03-31 00:00:00.000,,2024-03-31 00:00:00.000,1,INC,1020,102,NFCI,Foreign Currency Gains,3360.94,2024-04-27 00:00:00.000,12,M,UPD,Updated Normal,ARS,2024-08-07 00:00:00.000,2024-04-29 00:00:00.000
105312,F8FCE,IDFCFIRSTB,IND,NSE ,IDFC First Bank Ltd,1,Annual,2024-03-31 00:00:00.000,,2024-03-31 00:00:00.000,1,INC,1050,105,NUII,Other Unusual Income,87.863,2024-04-27 00:00:00.000,12,M,UPD,Updated Normal,ARS,2024-08-07 00:00:00.000,2024-04-29 00:00:00.000
105312,F8FCE,IDFCFIRSTB,IND,NSE ,IDFC First Bank Ltd,1,Annual,2024-03-31 00:00:00.000,,2024-03-31 00:00:00.000,1,INC,1060,106,NORU,Other Revenue,933.155,2024-04-27 00:00:00.000,12,M,UPD,Updated Normal,ARS,2024-08-07 00:00:00.000,2024-04-29 00:00:00.000
105312,F8FCE,IDFCFIRSTB,IND,NSE ,IDFC First Bank Ltd,1,Annual,2024-03-31 00:00:00.000,,2024-03-31 00:00:00.000,1,INC,1070,107,SNII,"Non-Interest Income, Bank",59317.272,2024-04-27 00:00:00.000,12,M,UPD,Updated Normal,ARS,2024-08-07 00:00:00.000,2024-04-29 00:00:00.000
105312,F8FCE,IDFCFIRSTB,IND,NSE ,IDFC First Bank Ltd,1,Annual,2024-03-31 00:00:00.000,,2024-03-31 00:00:00.000,1,INC,1080,108,NLAR,Labor & Related Expenses,-56389.502,2024-04-27 00:00:00.000,12,M,UPD,Updated Normal,ARS,2024-08-07 00:00:00.000,2024-04-29 00:00:00.000
105312,F8FCE,IDFCFIRSTB,IND,NSE ,IDFC First Bank Ltd,1,Annual,2024-03-31 00:00:00.000,,2024-03-31 00:00:00.000,1,INC,1090,109,NDEP,Depreciation Expense,-3895.898,2024-04-27 00:00:00.000,12,M,UPD,Updated Normal,ARS,2024-08-07 00:00:00.000,2024-04-29 00:00:00.000
105312,F8FCE,IDFCFIRSTB,IND,NSE ,IDFC First Bank Ltd,1,Annual,2024-03-31 00:00:00.000,,2024-03-31 00:00:00.000,1,INC,1100,110,NAMI,Amortization of Intangibles,-2411.7,2024-04-27 00:00:00.000,12,M,UPD,Updated Normal,ARS,2024-08-07 00:00:00.000,2024-04-29 00:00:00.000
105312,F8FCE,IDFCFIRSTB,IND,NSE ,IDFC First Bank Ltd,1,Annual,2024-03-31 00:00:00.000,,2024-03-31 00:00:00.000,1,INC,1190,119,NUIE,Other Unusual Expense,1019.4,2024-04-27 00:00:00.000,12,M,UPD,Updated Normal,ARS,2024-08-07 00:00:00.000,2024-04-29 00:00:00.000
105312,F8FCE,IDFCFIRSTB,IND,NSE ,IDFC First Bank Ltd,1,Annual,2024-03-31 00:00:00.000,,2024-03-31 00:00:00.000,1,INC,1210,121,NOEX,Other Expense,-98780.22,2024-04-27 00:00:00.000,12,M,UPD,Updated Normal,ARS,2024-08-07 00:00:00.000,2024-04-29 00:00:00.000
105312,F8FCE,IDFCFIRSTB,IND,NSE ,IDFC First Bank Ltd,1,Annual,2024-03-31 00:00:00.000,,2024-03-31 00:00:00.000,1,INC,1220,122,SNIE,"Non-Interest Expense, Bank",-160457.92,2024-04-27 00:00:00.000,12,M,UPD,Updated Normal,ARS,2024-08-07 00:00:00.000,2024-04-29 00:00:00.000
105312,F8FCE,IDFCFIRSTB,IND,NSE ,IDFC First Bank Ltd,1,Annual,2024-03-31 00:00:00.000,,2024-03-31 00:00:00.000,1,INC,1280,128,EIBT,Net Income Before Taxes,38571.522,2024-04-27 00:00:00.000,12,M,UPD,Updated Normal,ARS,2024-08-07 00:00:00.000,2024-04-29 00:00:00.000
105312,F8FCE,IDFCFIRSTB,IND,NSE ,IDFC First Bank Ltd,1,Annual,2024-03-31 00:00:00.000,,2024-03-31 00:00:00.000,1,INC,1290,129,TTAX,Provision for Income Taxes,9148.0,2024-04-27 00:00:00.000,12,M,UPD,Updated Normal,ARS,2024-08-07 00:00:00.000,2024-04-29 00:00:00.000
105312,F8FCE,IDFCFIRSTB,IND,NSE ,IDFC First Bank Ltd,1,Annual,2024-03-31 00:00:00.000,,2024-03-31 00:00:00.000,1,INC,1300,130,TIAT,Net Income After Taxes,29423.522,2024-04-27 00:00:00.000,12,M,UPD,Updated Normal,ARS,2024-08-07 00:00:00.000,2024-04-29 00:00:00.000
105312,F8FCE,IDFCFIRSTB,IND,NSE ,IDFC First Bank Ltd,1,Annual,2024-03-31 00:00:00.000,,2024-03-31 00:00:00.000,1,INC,1340,134,NIBX,Net Income Before Extra. Items,29423.522,2024-04-27 00:00:00.000,12,M,UPD,Updated Normal,ARS,2024-08-07 00:00:00.000,2024-04-29 00:00:00.000
105312,F8FCE,IDFCFIRSTB,IND,NSE ,IDFC First Bank Ltd,1,Annual,2024-03-31 00:00:00.000,,2024-03-31 00:00:00.000,1,INC,1400,140,NINC,Net Income,29423.522,2024-04-27 00:00:00.000,12,M,UPD,Updated Normal,ARS,2024-08-07 00:00:00.000,2024-04-29 00:00:00.000
105312,F8FCE,IDFCFIRSTB,IND,NSE ,IDFC First Bank Ltd,1,Annual,2024-03-31 00:00:00.000,,2024-03-31 00:00:00.000,1,INC,1470,147,CIAC,Income Available to Com Excl ExtraOrd,29423.522,2024-04-27 00:00:00.000,12,M,UPD,Updated Normal,ARS,2024-08-07 00:00:00.000,2024-04-29 00:00:00.000
105312,F8FCE,IDFCFIRSTB,IND,NSE ,IDFC First Bank Ltd,1,Annual,2024-03-31 00:00:00.000,,2024-03-31 00:00:00.000,1,INC,1480,148,XNIC,Income Available to Com Incl ExtraOrd,29423.522,2024-04-27 00:00:00.000,12,M,UPD,Updated Normal,ARS,2024-08-07 00:00:00.000,2024-04-29 00:00:00.000
105312,F8FCE,IDFCFIRSTB,IND,NSE ,IDFC First Bank Ltd,1,Annual,2024-03-31 00:00:00.000,,2024-03-31 00:00:00.000,1,INC,1490,149,SBAS,Basic Weighted Average Shares,6845.7,2024-04-27 00:00:00.000,12,M,UPD,Updated Normal,ARS,2024-08-07 00:00:00.000,2024-04-29 00:00:00.000
105312,F8FCE,IDFCFIRSTB,IND,NSE ,IDFC First Bank Ltd,1,Annual,2024-03-31 00:00:00.000,,2024-03-31 00:00:00.000,1,INC,1500,150,SBBF,Basic EPS Excluding Extraordinary Items,4.2981,2024-04-27 00:00:00.000,12,M,UPD,Updated Normal,ARS,2024-08-07 00:00:00.000,2024-04-29 00:00:00.000
105312,F8FCE,IDFCFIRSTB,IND,NSE ,IDFC First Bank Ltd,1,Annual,2024-03-31 00:00:00.000,,2024-03-31 00:00:00.000,1,INC,1510,151,SBAI,Basic EPS Including Extraordinary Items,4.2981,2024-04-27 00:00:00.000,12,M,UPD,Updated Normal,ARS,2024-08-07 00:00:00.000,2024-04-29 00:00:00.000
105312,F8FCE,IDFCFIRSTB,IND,NSE ,IDFC First Bank Ltd,1,Annual,2024-03-31 00:00:00.000,,2024-03-31 00:00:00.000,1,INC,1530,153,SDNI,Diluted Net Income,29423.522,2024-04-27 00:00:00.000,12,M,UPD,Updated Normal,ARS,2024-08-07 00:00:00.000,2024-04-29 00:00:00.000
105312,F8FCE,IDFCFIRSTB,IND,NSE ,IDFC First Bank Ltd,1,Annual,2024-03-31 00:00:00.000,,2024-03-31 00:00:00.000,1,INC,1540,154,SDWS,Diluted Weighted Average Shares,6963.6,2024-04-27 00:00:00.000,12,M,UPD,Updated Normal,ARS,2024-08-07 00:00:00.000,2024-04-29 00:00:00.000
105312,F8FCE,IDFCFIRSTB,IND,NSE ,IDFC First Bank Ltd,1,Annual,2024-03-31 00:00:00.000,,2024-03-31 00:00:00.000,1,INC,1550,155,SDBF,Diluted EPS Excluding ExtraOrd Items,4.22533,2024-04-27 00:00:00.000,12,M,UPD,Updated Normal,ARS,2024-08-07 00:00:00.000,2024-04-29 00:00:00.000
105312,F8FCE,IDFCFIRSTB,IND,NSE ,IDFC First Bank Ltd,1,Annual,2024-03-31 00:00:00.000,,2024-03-31 00:00:00.000,1,INC,1560,156,SDAI,Diluted EPS Including ExtraOrd Items,4.22533,2024-04-27 00:00:00.000,12,M,UPD,Updated Normal,ARS,2024-08-07 00:00:00.000,2024-04-29 00:00:00.000
105312,F8FCE,IDFCFIRSTB,IND,NSE ,IDFC First Bank Ltd,1,Annual,2024-03-31 00:00:00.000,,2024-03-31 00:00:00.000,1,INC,1610,165,DCGD,Gross Dividends - Common Stock,0.0,2024-04-27 00:00:00.000,12,M,UPD,Updated Normal,ARS,2024-08-07 00:00:00.000,2024-04-29 00:00:00.000
105312,F8FCE,IDFCFIRSTB,IND,NSE ,IDFC First Bank Ltd,1,Annual,2024-03-31 00:00:00.000,,2024-03-31 00:00:00.000,1,INC,1792,173,VDEP,"Depreciation, Supplemental",3895.898,2024-04-27 00:00:00.000,12,M,UPD,Updated Normal,ARS,2024-08-07 00:00:00.000,2024-04-29 00:00:00.000
105312,F8FCE,IDFCFIRSTB,IND,NSE ,IDFC First Bank Ltd,1,Annual,2024-03-31 00:00:00.000,,2024-03-31 00:00:00.000,1,INC,1700,175,STSI,Total Special Items,-1107.263,2024-04-27 00:00:00.000,12,M,UPD,Updated Normal,ARS,2024-08-07 00:00:00.000,2024-04-29 00:00:00.000
105312,F8FCE,IDFCFIRSTB,IND,NSE ,IDFC First Bank Ltd,1,Annual,2024-03-31 00:00:00.000,,2024-03-31 00:00:00.000,1,INC,1710,176,VPTI,Normalized Income Before Taxes,37464.259,2024-04-27 00:00:00.000,12,M,UPD,Updated Normal,ARS,2024-08-07 00:00:00.000,2024-04-29 00:00:00.000
105312,F8FCE,IDFCFIRSTB,IND,NSE ,IDFC First Bank Ltd,1,Annual,2024-03-31 00:00:00.000,,2024-03-31 00:00:00.000,1,INC,1720,177,STEC,Effect of Special Items on Income Taxes,-262.60934,2024-04-27 00:00:00.000,12,M,UPD,Updated Normal,ARS,2024-08-07 00:00:00.000,2024-04-29 00:00:00.000
105312,F8FCE,IDFCFIRSTB,IND,NSE ,IDFC First Bank Ltd,1,Annual,2024-03-31 00:00:00.000,,2024-03-31 00:00:00.000,1,INC,1730,178,VITN,Inc Tax Ex Impact of Sp Items,8885.39066,2024-04-27 00:00:00.000,12,M,UPD,Updated Normal,ARS,2024-08-07 00:00:00.000,2024-04-29 00:00:00.000
105312,F8FCE,IDFCFIRSTB,IND,NSE ,IDFC First Bank Ltd,1,Annual,2024-03-31 00:00:00.000,,2024-03-31 00:00:00.000,1,INC,1740,179,VIAT,Normalized Income After Taxes,28578.86834,2024-04-27 00:00:00.000,12,M,UPD,Updated Normal,ARS,2024-08-07 00:00:00.000,2024-04-29 00:00:00.000
105312,F8FCE,IDFCFIRSTB,IND,NSE ,IDFC First Bank Ltd,1,Annual,2024-03-31 00:00:00.000,,2024-03-31 00:00:00.000,1,INC,1750,180,VIAC,Normalized Inc. Avail to Com.,28578.86834,2024-04-27 00:00:00.000,12,M,UPD,Updated Normal,ARS,2024-08-07 00:00:00.000,2024-04-29 00:00:00.000
105312,F8FCE,IDFCFIRSTB,IND,NSE ,IDFC First Bank Ltd,1,Annual,2024-03-31 00:00:00.000,,2024-03-31 00:00:00.000,1,INC,1760,181,VBES,Basic Normalized EPS,4.17472,2024-04-27 00:00:00.000,12,M,UPD,Updated Normal,ARS,2024-08-07 00:00:00.000,2024-04-29 00:00:00.000
105312,F8FCE,IDFCFIRSTB,IND,NSE ,IDFC First Bank Ltd,1,Annual,2024-03-31 00:00:00.000,,2024-03-31 00:00:00.000,1,INC,1770,182,VDES,Diluted Normalized EPS,4.10404,2024-04-27 00:00:00.000,12,M,UPD,Updated Normal,ARS,2024-08-07 00:00:00.000,2024-04-29 00:00:00.000
105312,F8FCE,IDFCFIRSTB,IND,NSE ,IDFC First Bank Ltd,1,Annual,2024-03-31 00:00:00.000,,2024-03-31 00:00:00.000,1,INC,1790,184,VAMI,"Amort of Intangibles, Supplemental",2411.7,2024-04-27 00:00:00.000,12,M,UPD,Updated Normal,ARS,2024-08-07 00:00:00.000,2024-04-29 00:00:00.000
105312,F8FCE,IDFCFIRSTB,IND,NSE ,IDFC First Bank Ltd,1,Annual,2024-03-31 00:00:00.000,,2024-03-31 00:00:00.000,1,INC,1800,185,VRXP,"Rental Expense, Supplemental",6143.1,2024-04-27 00:00:00.000,12,M,UPD,Updated Normal,ARS,2024-08-07 00:00:00.000,2024-04-29 00:00:00.000
105312,F8FCE,IDFCFIRSTB,IND,NSE ,IDFC First Bank Ltd,1,Annual,2024-03-31 00:00:00.000,,2024-03-31 00:00:00.000,1,INC,1820,187,VADV,"Advertising Expense, Supplemental",4070.715,2024-04-27 00:00:00.000,12,M,UPD,Updated Normal,ARS,2024-08-07 00:00:00.000,2024-04-29 00:00:00.000
105312,F8FCE,IDFCFIRSTB,IND,NSE ,IDFC First Bank Ltd,1,Annual,2024-03-31 00:00:00.000,,2024-03-31 00:00:00.000,1,INC,1831,191,VTAU,Audit Fees,42.093,2024-04-27 00:00:00.000,12,M,UPD,Updated Normal,ARS,2024-08-07 00:00:00.000,2024-04-29 00:00:00.000
105312,F8FCE,IDFCFIRSTB,IND,NSE ,IDFC First Bank Ltd,1,Annual,2024-03-31 00:00:00.000,,2024-03-31 00:00:00.000,1,INC,1885,211,SPTM,Pretax Margin,12.71933,2024-04-27 00:00:00.000,12,M,UPD,Updated Normal,ARS,2024-08-07 00:00:00.000,2024-04-29 00:00:00.000
105312,F8FCE,IDFCFIRSTB,IND,NSE ,IDFC First Bank Ltd,1,Annual,2024-03-31 00:00:00.000,,2024-03-31 00:00:00.000,1,INC,1886,212,SETR,Effective Tax Rate,23.71698,2024-04-27 00:00:00.000,12,M,UPD,Updated Normal,ARS,2024-08-07 00:00:00.000,2024-04-29 00:00:00.000
105312,F8FCE,IDFCFIRSTB,IND,NSE ,IDFC First Bank Ltd,1,Annual,2024-03-31 00:00:00.000,,2024-03-31 00:00:00.000,1,INC,1887,213,SNPM,Net Profit Margin,9.70269,2024-04-27 00:00:00.000,12,M,UPD,Updated Normal,ARS,2024-08-07 00:00:00.000,2024-04-29 00:00:00.000
105312,F8FCE,IDFCFIRSTB,IND,NSE ,IDFC First Bank Ltd,1,Annual,2024-03-31 00:00:00.000,,2024-03-31 00:00:00.000,1,INC,1910,216,SBTR,Bank Total Revenue,223865.39,2024-04-27 00:00:00.000,12,M,UPD,Updated Normal,ARS,2024-08-07 00:00:00.000,2024-04-29 00:00:00.000
105312,F8FCE,IDFCFIRSTB,IND,NSE ,IDFC First Bank Ltd,1,Annual,2024-03-31 00:00:00.000,,2024-03-31 00:00:00.000,1,INC,1960,221,VCTR,Current Tax - Total,6686.9,2024-04-27 00:00:00.000,12,M,UPD,Updated Normal,ARS,2024-08-07 00:00:00.000,2024-04-29 00:00:00.000
105312,F8FCE,IDFCFIRSTB,IND,NSE ,IDFC First Bank Ltd,1,Annual,2024-03-31 00:00:00.000,,2024-03-31 00:00:00.000,1,INC,1970,222,VCTC,Current Tax - Total,6686.9,2024-04-27 00:00:00.000,12,M,UPD,Updated Normal,ARS,2024-08-07 00:00:00.000,2024-04-29 00:00:00.000
105312,F8FCE,IDFCFIRSTB,IND,NSE ,IDFC First Bank Ltd,1,Annual,2024-03-31 00:00:00.000,,2024-03-31 00:00:00.000,1,INC,2020,227,VDTR,Deferred Tax - Total,2461.1,2024-04-27 00:00:00.000,12,M,UPD,Updated Normal,ARS,2024-08-07 00:00:00.000,2024-04-29 00:00:00.000
105312,F8FCE,IDFCFIRSTB,IND,NSE ,IDFC First Bank Ltd,1,Annual,2024-03-31 00:00:00.000,,2024-03-31 00:00:00.000,1,INC,2030,228,VDTC,Deferred Tax - Total,2461.1,2024-04-27 00:00:00.000,12,M,UPD,Updated Normal,ARS,2024-08-07 00:00:00.000,2024-04-29 00:00:00.000
105312,F8FCE,IDFCFIRSTB,IND,NSE ,IDFC First Bank Ltd,1,Annual,2024-03-31 00:00:00.000,,2024-03-31 00:00:00.000,1,INC,2080,233,VITT,Income Tax - Total,9148.0,2024-04-27 00:00:00.000,12,M,UPD,Updated Normal,ARS,2024-08-07 00:00:00.000,2024-04-29 00:00:00.000
105312,F8FCE,IDFCFIRSTB,IND,NSE ,IDFC First Bank Ltd,1,Annual,2024-03-31 00:00:00.000,,2024-03-31 00:00:00.000,1,INC,2140,239,VICD,Interest Cost - Domestic,118.0,2024-04-27 00:00:00.000,12,M,UPD,Updated Normal,ARS,2024-08-07 00:00:00.000,2024-04-29 00:00:00.000
105312,F8FCE,IDFCFIRSTB,IND,NSE ,IDFC First Bank Ltd,1,Annual,2024-03-31 00:00:00.000,,2024-03-31 00:00:00.000,1,INC,2150,240,VSCD,Service Cost - Domestic,370.4,2024-04-27 00:00:00.000,12,M,UPD,Updated Normal,ARS,2024-08-07 00:00:00.000,2024-04-29 00:00:00.000
105312,F8FCE,IDFCFIRSTB,IND,NSE ,IDFC First Bank Ltd,1,Annual,2024-03-31 00:00:00.000,,2024-03-31 00:00:00.000,1,INC,2160,241,VTPS,Prior Service Cost - Domestic,0.0,2024-04-27 00:00:00.000,12,M,UPD,Updated Normal,ARS,2024-08-07 00:00:00.000,2024-04-29 00:00:00.000
105312,F8FCE,IDFCFIRSTB,IND,NSE ,IDFC First Bank Ltd,1,Annual,2024-03-31 00:00:00.000,,2024-03-31 00:00:00.000,1,INC,2170,242,VXPD,Expected Return on Assets - Domestic,-68.1,2024-04-27 00:00:00.000,12,M,UPD,Updated Normal,ARS,2024-08-07 00:00:00.000,2024-04-29 00:00:00.000
105312,F8FCE,IDFCFIRSTB,IND,NSE ,IDFC First Bank Ltd,1,Annual,2024-03-31 00:00:00.000,,2024-03-31 00:00:00.000,1,INC,2180,243,VXAG,Actuarial Gains and Losses - Domestic,130.8,2024-04-27 00:00:00.000,12,M,UPD,Updated Normal,ARS,2024-08-07 00:00:00.000,2024-04-29 00:00:00.000
105312,F8FCE,IDFCFIRSTB,IND,NSE ,IDFC First Bank Ltd,1,Annual,2024-03-31 00:00:00.000,,2024-03-31 00:00:00.000,1,INC,2220,247,VDPP,Domestic Pension Plan Expense,551.1,2024-04-27 00:00:00.000,12,M,UPD,Updated Normal,ARS,2024-08-07 00:00:00.000,2024-04-29 00:00:00.000
105312,F8FCE,IDFCFIRSTB,IND,NSE ,IDFC First Bank Ltd,1,Annual,2024-03-31 00:00:00.000,,2024-03-31 00:00:00.000,1,INC,2410,266,VDCD,Defined Contribution Expense - Domestic,1792.9,2024-04-27 00:00:00.000,12,M,UPD,Updated Normal,ARS,2024-08-07 00:00:00.000,2024-04-29 00:00:00.000
105312,F8FCE,IDFCFIRSTB,IND,NSE ,IDFC First Bank Ltd,1,Annual,2024-03-31 00:00:00.000,,2024-03-31 00:00:00.000,1,INC,2440,269,VTPE,Total Pension Expense,2344.0,2024-04-27 00:00:00.000,12,M,UPD,Updated Normal,ARS,2024-08-07 00:00:00.000,2024-04-29 00:00:00.000
105312,F8FCE,IDFCFIRSTB,IND,NSE ,IDFC First Bank Ltd,1,Annual,2024-03-31 00:00:00.000,,2024-03-31 00:00:00.000,1,INC,2570,282,STPI,Total Plan Interest Cost,118.0,2024-04-27 00:00:00.000,12,M,UPD,Updated Normal,ARS,2024-08-07 00:00:00.000,2024-04-29 00:00:00.000
105312,F8FCE,IDFCFIRSTB,IND,NSE ,IDFC First Bank Ltd,1,Annual,2024-03-31 00:00:00.000,,2024-03-31 00:00:00.000,1,INC,2580,283,STPS,Total Plan Service Cost,370.4,2024-04-27 00:00:00.000,12,M,UPD,Updated Normal,ARS,2024-08-07 00:00:00.000,2024-04-29 00:00:00.000
105312,F8FCE,IDFCFIRSTB,IND,NSE ,IDFC First Bank Ltd,1,Annual,2024-03-31 00:00:00.000,,2024-03-31 00:00:00.000,1,INC,2590,284,STPE,Total Plan Expected Return,-68.1,2024-04-27 00:00:00.000,12,M,UPD,Updated Normal,ARS,2024-08-07 00:00:00.000,2024-04-29 00:00:00.000
105312,F8FCE,IDFCFIRSTB,IND,NSE ,IDFC First Bank Ltd,1,Annual,2024-03-31 00:00:00.000,,2024-03-31 00:00:00.000,1,INC,3050,311,MNIO,"Net Interest Margin, Total -%",6.36,2024-04-27 00:00:00.000,12,M,UPD,Updated Normal,ARS,2024-08-07 00:00:00.000,2024-04-29 00:00:00.000
105312,F8FCE,IDFCFIRSTB,IND,NSE ,IDFC First Bank Ltd,1,Annual,2024-03-31 00:00:00.000,,2024-03-31 00:00:00.000,2,CAS,10,834,ONET,Net Income/Starting Line,29423.522,2024-04-27 00:00:00.000,12,M,UPD,Updated Normal,ARS,2024-08-07 00:00:00.000,2024-08-09 00:00:00.000
105312,F8FCE,IDFCFIRSTB,IND,NSE ,IDFC First Bank Ltd,1,Annual,2024-03-31 00:00:00.000,,2024-03-31 00:00:00.000,2,CAS,20,835,SDEP,Depreciation,6307.598,2024-04-27 00:00:00.000,12,M,UPD,Updated Normal,ARS,2024-08-07 00:00:00.000,2024-08-09 00:00:00.000
105312,F8FCE,IDFCFIRSTB,IND,NSE ,IDFC First Bank Ltd,1,Annual,2024-03-31 00:00:00.000,,2024-03-31 00:00:00.000,2,CAS,40,837,SDED,Depreciation/Depletion,6307.598,2024-04-27 00:00:00.000,12,M,UPD,Updated Normal,ARS,2024-08-07 00:00:00.000,2024-08-09 00:00:00.000
105312,F8FCE,IDFCFIRSTB,IND,NSE ,IDFC First Bank Ltd,1,Annual,2024-03-31 00:00:00.000,,2024-03-31 00:00:00.000,2,CAS,130,846,OUIE,Unusual Items,-1107.331,2024-04-27 00:00:00.000,12,M,UPD,Updated Normal,ARS,2024-08-07 00:00:00.000,2024-08-09 00:00:00.000
105312,F8FCE,IDFCFIRSTB,IND,NSE ,IDFC First Bank Ltd,1,Annual,2024-03-31 00:00:00.000,,2024-03-31 00:00:00.000,2,CAS,160,849,ONCI,Other Non-Cash Items,10816.124,2024-04-27 00:00:00.000,12,M,UPD,Updated Normal,ARS,2024-08-07 00:00:00.000,2024-08-09 00:00:00.000
105312,F8FCE,IDFCFIRSTB,IND,NSE ,IDFC First Bank Ltd,1,Annual,2024-03-31 00:00:00.000,,2024-03-31 00:00:00.000,2,CAS,170,850,SNCI,Non-Cash Items,9708.793,2024-04-27 00:00:00.000,12,M,UPD,Updated Normal,ARS,2024-08-07 00:00:00.000,2024-08-09 00:00:00.000
105312,F8FCE,IDFCFIRSTB,IND,NSE ,IDFC First Bank Ltd,1,Annual,2024-03-31 00:00:00.000,,2024-03-31 00:00:00.000,2,CAS,200,853,SCTP,Cash Taxes Paid,8072.116,2024-04-27 00:00:00.000,12,M,UPD,Updated Normal,ARS,2024-08-07 00:00:00.000,2024-08-09 00:00:00.000
105312,F8FCE,IDFCFIRSTB,IND,NSE ,IDFC First Bank Ltd,1,Annual,2024-03-31 00:00:00.000,,2024-03-31 00:00:00.000,2,CAS,220,855,OLLP,Loan Loss Provision,26065.444,2024-04-27 00:00:00.000,12,M,UPD,Updated Normal,ARS,2024-08-07 00:00:00.000,2024-08-09 00:00:00.000
105312,F8FCE,IDFCFIRSTB,IND,NSE ,IDFC First Bank Ltd,1,Annual,2024-03-31 00:00:00.000,,2024-03-31 00:00:00.000,2,CAS,260,859,OOAS,Other Assets,-8124.072,2024-04-27 00:00:00.000,12,M,UPD,Updated Normal,ARS,2024-08-07 00:00:00.000,2024-08-09 00:00:00.000
105312,F8FCE,IDFCFIRSTB,IND,NSE ,IDFC First Bank Ltd,1,Annual,2024-03-31 00:00:00.000,,2024-03-31 00:00:00.000,2,CAS,310,864,OOLB,Other Liabilities,562579.12,2024-04-27 00:00:00.000,12,M,UPD,Updated Normal,ARS,2024-08-07 00:00:00.000,2024-08-09 00:00:00.000
105312,F8FCE,IDFCFIRSTB,IND,NSE ,IDFC First Bank Ltd,1,Annual,2024-03-31 00:00:00.000,,2024-03-31 00:00:00.000,2,CAS,330,866,OOCF,Other Operating Cash Flow,-8072.116,2024-04-27 00:00:00.000,12,M,UPD,Updated Normal,ARS,2024-08-07 00:00:00.000,2024-08-09 00:00:00.000
105312,F8FCE,IDFCFIRSTB,IND,NSE ,IDFC First Bank Ltd,1,Annual,2024-03-31 00:00:00.000,,2024-03-31 00:00:00.000,2,CAS,340,867,OINV,"Investment Securities, Gains/Losses",-50296.068,2024-04-27 00:00:00.000,12,M,UPD,Updated Normal,ARS,2024-08-07 00:00:00.000,2024-08-09 00:00:00.000
105312,F8FCE,IDFCFIRSTB,IND,NSE ,IDFC First Bank Ltd,1,Annual,2024-03-31 00:00:00.000,,2024-03-31 00:00:00.000,2,CAS,350,868,OLOA,"Loans, Gains/Losses",-452163.284,2024-04-27 00:00:00.000,12,M,UPD,Updated Normal,ARS,2024-08-07 00:00:00.000,2024-08-09 00:00:00.000
105312,F8FCE,IDFCFIRSTB,IND,NSE ,IDFC First Bank Ltd,1,Annual,2024-03-31 00:00:00.000,,2024-03-31 00:00:00.000,2,CAS,470,880,SOCF,Changes in Working Capital,69989.024,2024-04-27 00:00:00.000,12,M,UPD,Updated Normal,ARS,2024-08-07 00:00:00.000,2024-08-09 00:00:00.000
105312,F8FCE,IDFCFIRSTB,IND,NSE ,IDFC First Bank Ltd,1,Annual,2024-03-31 00:00:00.000,,2024-03-31 00:00:00.000,2,CAS,480,881,OTLO,Cash from Operating Activities,115428.937,2024-04-27 00:00:00.000,12,M,UPD,Updated Normal,ARS,2024-08-07 00:00:00.000,2024-08-09 00:00:00.000
105312,F8FCE,IDFCFIRSTB,IND,NSE ,IDFC First Bank Ltd,1,Annual,2024-03-31 00:00:00.000,,2024-03-31 00:00:00.000,2,CAS,490,882,ICEX,Purchase of Fixed Assets,-13736.078,2024-04-27 00:00:00.000,12,M,UPD,Updated Normal,ARS,2024-08-07 00:00:00.000,2024-08-09 00:00:00.000
105312,F8FCE,IDFCFIRSTB,IND,NSE ,IDFC First Bank Ltd,1,Annual,2024-03-31 00:00:00.000,,2024-03-31 00:00:00.000,2,CAS,520,885,SCEX,Capital Expenditures,-13736.078,2024-04-27 00:00:00.000,12,M,UPD,Updated Normal,ARS,2024-08-07 00:00:00.000,2024-08-09 00:00:00.000
105312,F8FCE,IDFCFIRSTB,IND,NSE ,IDFC First Bank Ltd,1,Annual,2024-03-31 00:00:00.000,,2024-03-31 00:00:00.000,2,CAS,550,888,ISFA,Sale of Fixed Assets,2101.352,2024-04-27 00:00:00.000,12,M,UPD,Updated Normal,ARS,2024-08-07 00:00:00.000,2024-08-09 00:00:00.000
105312,F8FCE,IDFCFIRSTB,IND,NSE ,IDFC First Bank Ltd,1,Annual,2024-03-31 00:00:00.000,,2024-03-31 00:00:00.000,2,CAS,570,890,IIVN,"Investment, Net",-87232.324,2024-04-27 00:00:00.000,12,M,UPD,Updated Normal,ARS,2024-08-07 00:00:00.000,2024-08-09 00:00:00.000
105312,F8FCE,IDFCFIRSTB,IND,NSE ,IDFC First Bank Ltd,1,Annual,2024-03-31 00:00:00.000,,2024-03-31 00:00:00.000,2,CAS,670,900,SICF,"Other Investing Cash Flow Items, Total",-85130.972,2024-04-27 00:00:00.000,12,M,UPD,Updated Normal,ARS,2024-08-07 00:00:00.000,2024-08-09 00:00:00.000
105312,F8FCE,IDFCFIRSTB,IND,NSE ,IDFC First Bank Ltd,1,Annual,2024-03-31 00:00:00.000,,2024-03-31 00:00:00.000,2,CAS,680,901,ITLI,Cash from Investing Activities,-98867.05,2024-04-27 00:00:00.000,12,M,UPD,Updated Normal,ARS,2024-08-07 00:00:00.000,2024-08-09 00:00:00.000
105312,F8FCE,IDFCFIRSTB,IND,NSE ,IDFC First Bank Ltd,1,Annual,2024-03-31 00:00:00.000,,2024-03-31 00:00:00.000,2,CAS,770,910,FSIC,Sale/Issuance of Common,33226.439,2024-04-27 00:00:00.000,12,M,UPD,Updated Normal,ARS,2024-08-07 00:00:00.000,2024-08-09 00:00:00.000
105312,F8FCE,IDFCFIRSTB,IND,NSE ,IDFC First Bank Ltd,1,Annual,2024-03-31 00:00:00.000,,2024-03-31 00:00:00.000,2,CAS,790,912,FCSN,"Common Stock, Net",33226.439,2024-04-27 00:00:00.000,12,M,UPD,Updated Normal,ARS,2024-08-07 00:00:00.000,2024-08-09 00:00:00.000
105312,F8FCE,IDFCFIRSTB,IND,NSE ,IDFC First Bank Ltd,1,Annual,2024-03-31 00:00:00.000,,2024-03-31 00:00:00.000,2,CAS,880,921,FPSS,"Issuance (Retirement) of Stock, Net",33226.439,2024-04-27 00:00:00.000,12,M,UPD,Updated Normal,ARS,2024-08-07 00:00:00.000,2024-08-09 00:00:00.000
105312,F8FCE,IDFCFIRSTB,IND,NSE ,IDFC First Bank Ltd,1,Annual,2024-03-31 00:00:00.000,,2024-03-31 00:00:00.000,2,CAS,970,930,FPRD,"Issuance (Retirement) of Debt, Net",-62763.549,2024-04-27 00:00:00.000,12,M,UPD,Updated Normal,ARS,2024-08-07 00:00:00.000,2024-08-09 00:00:00.000
105312,F8FCE,IDFCFIRSTB,IND,NSE ,IDFC First Bank Ltd,1,Annual,2024-03-31 00:00:00.000,,2024-03-31 00:00:00.000,2,CAS,980,931,FTLF,Cash from Financing Activities,-29537.11,2024-04-27 00:00:00.000,12,M,UPD,Updated Normal,ARS,2024-08-07 00:00:00.000,2024-08-09 00:00:00.000
105312,F8FCE,IDFCFIRSTB,IND,NSE ,IDFC First Bank Ltd,1,Annual,2024-03-31 00:00:00.000,,2024-03-31 00:00:00.000,2,CAS,1000,933,SNCC,Net Change in Cash,-12975.223,2024-04-27 00:00:00.000,12,M,UPD,Updated Normal,ARS,2024-08-07 00:00:00.000,2024-08-09 00:00:00.000
105312,F8FCE,IDFCFIRSTB,IND,NSE ,IDFC First Bank Ltd,1,Annual,2024-03-31 00:00:00.000,,2024-03-31 00:00:00.000,2,CAS,1010,934,SNCB,Net Cash - Beginning Balance,137786.8,2024-04-27 00:00:00.000,12,M,UPD,Updated Normal,ARS,2024-08-07 00:00:00.000,2024-08-09 00:00:00.000
105312,F8FCE,IDFCFIRSTB,IND,NSE ,IDFC First Bank Ltd,1,Annual,2024-03-31 00:00:00.000,,2024-03-31 00:00:00.000,2,CAS,1020,935,SNCE,Net Cash - Ending Balance,124811.577,2024-04-27 00:00:00.000,12,M,UPD,Updated Normal,ARS,2024-08-07 00:00:00.000,2024-08-09 00:00:00.000
105312,F8FCE,IDFCFIRSTB,IND,NSE ,IDFC First Bank Ltd,1,Annual,2024-03-31 00:00:00.000,,2024-03-31 00:00:00.000,2,CAS,1060,1140,SCWC,Net Changes in Working Capital,78061.14,2024-04-27 00:00:00.000,12,M,UPD,Updated Normal,ARS,2024-08-07 00:00:00.000,2024-08-09 00:00:00.000
105312,F8FCE,IDFCFIRSTB,IND,NSE ,IDFC First Bank Ltd,1,Annual,2024-03-31 00:00:00.000,,2024-03-31 00:00:00.000,3,BAL,280,463,ACDB,Cash & Due from Banks,115431.531,2024-04-27 00:00:00.000,, ,UPD,Updated Normal,ARS,2024-08-07 00:00:00.000,2024-04-29 00:00:00.000
105312,F8FCE,IDFCFIRSTB,IND,NSE ,IDFC First Bank Ltd,1,Annual,2024-03-31 00:00:00.000,,2024-03-31 00:00:00.000,3,BAL,300,465,AFFS,FedFundsSold/ScrtyPurch UnderResaleAgrmt,11658.383,2024-04-27 00:00:00.000,, ,UPD,Updated Normal,ARS,2024-08-07 00:00:00.000,2024-04-29 00:00:00.000
105312,F8FCE,IDFCFIRSTB,IND,NSE ,IDFC First Bank Ltd,1,Annual,2024-03-31 00:00:00.000,,2024-03-31 00:00:00.000,3,BAL,310,466,ATAA,Trading Account Assets,33058.3,2024-04-27 00:00:00.000,, ,UPD,Updated Normal,ARS,2024-08-07 00:00:00.000,2024-04-29 00:00:00.000
105312,F8FCE,IDFCFIRSTB,IND,NSE ,IDFC First Bank Ltd,1,Annual,2024-03-31 00:00:00.000,,2024-03-31 00:00:00.000,3,BAL,330,468,AOTI,Other Short Term Investments,16213.511,2024-04-27 00:00:00.000,, ,UPD,Updated Normal,ARS,2024-08-07 00:00:00.000,2024-04-29 00:00:00.000
105312,F8FCE,IDFCFIRSTB,IND,NSE ,IDFC First Bank Ltd,1,Annual,2024-03-31 00:00:00.000,,2024-03-31 00:00:00.000,3,BAL,340,469,ASHM,Securities Held,695729.352,2024-04-27 00:00:00.000,, ,UPD,Updated Normal,ARS,2024-08-07 00:00:00.000,2024-04-29 00:00:00.000
105312,F8FCE,IDFCFIRSTB,IND,NSE ,IDFC First Bank Ltd,1,Annual,2024-03-31 00:00:00.000,,2024-03-31 00:00:00.000,3,BAL,360,471,ASEC,Total Investment Securities,695729.352,2024-04-27 00:00:00.000,, ,UPD,Updated Normal,ARS,2024-08-07 00:00:00.000,2024-04-29 00:00:00.000
105312,F8FCE,IDFCFIRSTB,IND,NSE ,IDFC First Bank Ltd,1,Annual,2024-03-31 00:00:00.000,,2024-03-31 00:00:00.000,3,BAL,400,475,SOEA,"Other Earning Assets, Total",756659.546,2024-04-27 00:00:00.000,, ,UPD,Updated Normal,ARS,2024-08-07 00:00:00.000,2024-04-29 00:00:00.000
105312,F8FCE,IDFCFIRSTB,IND,NSE ,IDFC First Bank Ltd,1,Annual,2024-03-31 00:00:00.000,,2024-03-31 00:00:00.000,3,BAL,440,479,ANTL,Net Loans,1943645.325,2024-04-27 00:00:00.000,, ,UPD,Updated Normal,ARS,2024-08-07 00:00:00.000,2024-04-29 00:00:00.000
105312,F8FCE,IDFCFIRSTB,IND,NSE ,IDFC First Bank Ltd,1,Annual,2024-03-31 00:00:00.000,,2024-03-31 00:00:00.000,3,BAL,450,480,APBC,Buildings - Gross,332.521,2024-04-27 00:00:00.000,, ,UPD,Updated Normal,ARS,2024-08-07 00:00:00.000,2024-04-29 00:00:00.000
105312,F8FCE,IDFCFIRSTB,IND,NSE ,IDFC First Bank Ltd,1,Annual,2024-03-31 00:00:00.000,,2024-03-31 00:00:00.000,3,BAL,480,483,ACPC,Construction in Progress - Gross,945.222,2024-04-27 00:00:00.000,, ,UPD,Updated Normal,ARS,2024-08-07 00:00:00.000,2024-04-29 00:00:00.000
105312,F8FCE,IDFCFIRSTB,IND,NSE ,IDFC First Bank Ltd,1,Annual,2024-03-31 00:00:00.000,,2024-03-31 00:00:00.000,3,BAL,510,486,AOPC,Other Property/Plant/Equipment - Gross,51179.677,2024-04-27 00:00:00.000,, ,UPD,Updated Normal,ARS,2024-08-07 00:00:00.000,2024-04-29 00:00:00.000
105312,F8FCE,IDFCFIRSTB,IND,NSE ,IDFC First Bank Ltd,1,Annual,2024-03-31 00:00:00.000,,2024-03-31 00:00:00.000,3,BAL,520,487,APTC,"Property/Plant/Equipment, Total - Gross",52457.42,2024-04-27 00:00:00.000,, ,UPD,Updated Normal,ARS,2024-08-07 00:00:00.000,2024-04-29 00:00:00.000
105312,F8FCE,IDFCFIRSTB,IND,NSE ,IDFC First Bank Ltd,1,Annual,2024-03-31 00:00:00.000,,2024-03-31 00:00:00.000,3,BAL,530,488,ADEP,"Accumulated Depreciation, Total",-25711.791,2024-04-27 00:00:00.000,, ,UPD,Updated Normal,ARS,2024-08-07 00:00:00.000,2024-04-29 00:00:00.000
105312,F8FCE,IDFCFIRSTB,IND,NSE ,IDFC First Bank Ltd,1,Annual,2024-03-31 00:00:00.000,,2024-03-31 00:00:00.000,3,BAL,540,489,APPN,"Property/Plant/Equipment, Total - Net",26745.629,2024-04-27 00:00:00.000,, ,UPD,Updated Normal,ARS,2024-08-07 00:00:00.000,2024-04-29 00:00:00.000
105312,F8FCE,IDFCFIRSTB,IND,NSE ,IDFC First Bank Ltd,1,Annual,2024-03-31 00:00:00.000,,2024-03-31 00:00:00.000,3,BAL,570,492,AGWI,"Goodwill, Net",1396.697,2024-04-27 00:00:00.000,, ,UPD,Updated Normal,ARS,2024-08-07 00:00:00.000,2024-04-29 00:00:00.000
105312,F8FCE,IDFCFIRSTB,IND,NSE ,IDFC First Bank Ltd,1,Annual,2024-03-31 00:00:00.000,,2024-03-31 00:00:00.000,3,BAL,740,509,ADTA,Defered Income Tax - Long Term Asset,11008.2,2024-04-27 00:00:00.000,, ,UPD,Updated Normal,ARS,2024-08-07 00:00:00.000,2024-04-29 00:00:00.000
105312,F8FCE,IDFCFIRSTB,IND,NSE ,IDFC First Bank Ltd,1,Annual,2024-03-31 00:00:00.000,,2024-03-31 00:00:00.000,3,BAL,780,513,SOLA,"Other Long Term Assets, Total",11008.2,2024-04-27 00:00:00.000,, ,UPD,Updated Normal,ARS,2024-08-07 00:00:00.000,2024-04-29 00:00:00.000
105312,F8FCE,IDFCFIRSTB,IND,NSE ,IDFC First Bank Ltd,1,Annual,2024-03-31 00:00:00.000,,2024-03-31 00:00:00.000,3,BAL,840,519,AIRC,Interest Receivable,31639.088,2024-04-27 00:00:00.000,, ,UPD,Updated Normal,ARS,2024-08-07 00:00:00.000,2024-04-29 00:00:00.000
105312,F8FCE,IDFCFIRSTB,IND,NSE ,IDFC First Bank Ltd,1,Annual,2024-03-31 00:00:00.000,,2024-03-31 00:00:00.000,3,BAL,860,521,AOAT,Other Assets,75571.767,2024-04-27 00:00:00.000,, ,UPD,Updated Normal,ARS,2024-08-07 00:00:00.000,2024-04-29 00:00:00.000
105312,F8FCE,IDFCFIRSTB,IND,NSE ,IDFC First Bank Ltd,1,Annual,2024-03-31 00:00:00.000,,2024-03-31 00:00:00.000,3,BAL,870,522,SOAT,"Other Assets, Total",107210.855,2024-04-27 00:00:00.000,, ,UPD,Updated Normal,ARS,2024-08-07 00:00:00.000,2024-04-29 00:00:00.000
105312,F8FCE,IDFCFIRSTB,IND,NSE ,IDFC First Bank Ltd,1,Annual,2024-03-31 00:00:00.000,,2024-03-31 00:00:00.000,3,BAL,880,523,ATOT,Total Assets,2962097.783,2024-04-27 00:00:00.000,, ,UPD,Updated Normal,ARS,2024-08-07 00:00:00.000,2024-04-29 00:00:00.000
105312,F8FCE,IDFCFIRSTB,IND,NSE ,IDFC First Bank Ltd,1,Annual,2024-03-31 00:00:00.000,,2024-03-31 00:00:00.000,3,BAL,890,524,LAPB,Accounts Payable,17548.247,2024-04-27 00:00:00.000,, ,UPD,Updated Normal,ARS,2024-08-07 00:00:00.000,2024-04-29 00:00:00.000
105312,F8FCE,IDFCFIRSTB,IND,NSE ,IDFC First Bank Ltd,1,Annual,2024-03-31 00:00:00.000,,2024-03-31 00:00:00.000,3,BAL,1000,535,LNID,Non-Interest Bearing Deposits,185312.958,2024-04-27 00:00:00.000,, ,UPD,Updated Normal,ARS,2024-08-07 00:00:00.000,2024-04-29 00:00:00.000
105312,F8FCE,IDFCFIRSTB,IND,NSE ,IDFC First Bank Ltd,1,Annual,2024-03-31 00:00:00.000,,2024-03-31 00:00:00.000,3,BAL,1010,536,LIBD,Interest Bearing Deposits,1820389.052,2024-04-27 00:00:00.000,, ,UPD,Updated Normal,ARS,2024-08-07 00:00:00.000,2024-04-29 00:00:00.000
105312,F8FCE,IDFCFIRSTB,IND,NSE ,IDFC First Bank Ltd,1,Annual,2024-03-31 00:00:00.000,,2024-03-31 00:00:00.000,3,BAL,1030,538,LDBT,Total Deposits,2005702.01,2024-04-27 00:00:00.000,, ,UPD,Updated Normal,ARS,2024-08-07 00:00:00.000,2024-04-29 00:00:00.000
105312,F8FCE,IDFCFIRSTB,IND,NSE ,IDFC First Bank Ltd,1,Annual,2024-03-31 00:00:00.000,,2024-03-31 00:00:00.000,3,BAL,1100,545,LOTB,Other Short Term Borrowings,10150.417,2024-04-27 00:00:00.000,, ,UPD,Updated Normal,ARS,2024-08-07 00:00:00.000,2024-04-29 00:00:00.000
105312,F8FCE,IDFCFIRSTB,IND,NSE ,IDFC First Bank Ltd,1,Annual,2024-03-31 00:00:00.000,,2024-03-31 00:00:00.000,3,BAL,1110,546,LSTB,Total Short Term Borrowings,10150.417,2024-04-27 00:00:00.000,, ,UPD,Updated Normal,ARS,2024-08-07 00:00:00.000,2024-04-29 00:00:00.000
105312,F8FCE,IDFCFIRSTB,IND,NSE ,IDFC First Bank Ltd,1,Annual,2024-03-31 00:00:00.000,,2024-03-31 00:00:00.000,3,BAL,1240,559,LLTD,Long Term Debt,509357.371,2024-04-27 00:00:00.000,, ,UPD,Updated Normal,ARS,2024-08-07 00:00:00.000,2024-04-29 00:00:00.000
105312,F8FCE,IDFCFIRSTB,IND,NSE ,IDFC First Bank Ltd,1,Annual,2024-03-31 00:00:00.000,,2024-03-31 00:00:00.000,3,BAL,1260,561,LTTD,Total Long Term Debt,509357.371,2024-04-27 00:00:00.000,, ,UPD,Updated Normal,ARS,2024-08-07 00:00:00.000,2024-04-29 00:00:00.000
105312,F8FCE,IDFCFIRSTB,IND,NSE ,IDFC First Bank Ltd,1,Annual,2024-03-31 00:00:00.000,,2024-03-31 00:00:00.000,3,BAL,1270,562,STLD,Total Debt,519507.788,2024-04-27 00:00:00.000,, ,UPD,Updated Normal,ARS,2024-08-07 00:00:00.000,2024-04-29 00:00:00.000
105312,F8FCE,IDFCFIRSTB,IND,NSE ,IDFC First Bank Ltd,1,Annual,2024-03-31 00:00:00.000,,2024-03-31 00:00:00.000,3,BAL,1320,567,LRSV,Reserves,8515.315,2024-04-27 00:00:00.000,, ,UPD,Updated Normal,ARS,2024-08-07 00:00:00.000,2024-04-29 00:00:00.000
105312,F8FCE,IDFCFIRSTB,IND,NSE ,IDFC First Bank Ltd,1,Annual,2024-03-31 00:00:00.000,,2024-03-31 00:00:00.000,3,BAL,1360,571,LOLB,Other Liabilities,88088.638,2024-04-27 00:00:00.000,, ,UPD,Updated Normal,ARS,2024-08-07 00:00:00.000,2024-04-29 00:00:00.000
105312,F8FCE,IDFCFIRSTB,IND,NSE ,IDFC First Bank Ltd,1,Annual,2024-03-31 00:00:00.000,,2024-03-31 00:00:00.000,3,BAL,1370,572,SLTL,"Other Liabilities, Total",96603.953,2024-04-27 00:00:00.000,, ,UPD,Updated Normal,ARS,2024-08-07 00:00:00.000,2024-04-29 00:00:00.000
105312,F8FCE,IDFCFIRSTB,IND,NSE ,IDFC First Bank Ltd,1,Annual,2024-03-31 00:00:00.000,,2024-03-31 00:00:00.000,3,BAL,1380,573,LTLL,Total Liabilities,2639361.998,2024-04-27 00:00:00.000,, ,UPD,Updated Normal,ARS,2024-08-07 00:00:00.000,2024-04-29 00:00:00.000
105312,F8FCE,IDFCFIRSTB,IND,NSE ,IDFC First Bank Ltd,1,Annual,2024-03-31 00:00:00.000,,2024-03-31 00:00:00.000,3,BAL,1470,582,QCMS,Common Stock,70699.239,2024-04-27 00:00:00.000,, ,UPD,Updated Normal,ARS,2024-08-07 00:00:00.000,2024-04-29 00:00:00.000
105312,F8FCE,IDFCFIRSTB,IND,NSE ,IDFC First Bank Ltd,1,Annual,2024-03-31 00:00:00.000,,2024-03-31 00:00:00.000,3,BAL,1490,584,SCMS,"Common Stock, Total",70699.239,2024-04-27 00:00:00.000,, ,UPD,Updated Normal,ARS,2024-08-07 00:00:00.000,2024-04-29 00:00:00.000
105312,F8FCE,IDFCFIRSTB,IND,NSE ,IDFC First Bank Ltd,1,Annual,2024-03-31 00:00:00.000,,2024-03-31 00:00:00.000,3,BAL,1500,585,QPIC,Additional Paid-In Capital,201833.503,2024-04-27 00:00:00.000,, ,UPD,Updated Normal,ARS,2024-08-07 00:00:00.000,2024-04-29 00:00:00.000
105312,F8FCE,IDFCFIRSTB,IND,NSE ,IDFC First Bank Ltd,1,Annual,2024-03-31 00:00:00.000,,2024-03-31 00:00:00.000,3,BAL,1510,586,QRED,Retained Earnings (Accumulated Deficit),37772.323,2024-04-27 00:00:00.000,, ,UPD,Updated Normal,ARS,2024-08-07 00:00:00.000,2024-04-29 00:00:00.000
105312,F8FCE,IDFCFIRSTB,IND,NSE ,IDFC First Bank Ltd,1,Annual,2024-03-31 00:00:00.000,,2024-03-31 00:00:00.000,3,BAL,1530,588,QEDG,ESOP Debt Guarantee,589.257,2024-04-27 00:00:00.000,, ,UPD,Updated Normal,ARS,2024-08-07 00:00:00.000,2024-04-29 00:00:00.000
105312,F8FCE,IDFCFIRSTB,IND,NSE ,IDFC First Bank Ltd,1,Annual,2024-03-31 00:00:00.000,,2024-03-31 00:00:00.000,3,BAL,1540,589,QUGL,Unrealized Gain (Loss),11510.0,2024-04-27 00:00:00.000,, ,UPD,Updated Normal,ARS,2024-08-07 00:00:00.000,2024-04-29 00:00:00.000
105312,F8FCE,IDFCFIRSTB,IND,NSE ,IDFC First Bank Ltd,1,Annual,2024-03-31 00:00:00.000,,2024-03-31 00:00:00.000,3,BAL,1580,593,QCOM,Other Comprehensive Income,331.463,2024-04-27 00:00:00.000,, ,UPD,Updated Normal,ARS,2024-08-07 00:00:00.000,2024-04-29 00:00:00.000
105312,F8FCE,IDFCFIRSTB,IND,NSE ,IDFC First Bank Ltd,1,Annual,2024-03-31 00:00:00.000,,2024-03-31 00:00:00.000,3,BAL,1590,594,SOTE,"Other Equity, Total",331.463,2024-04-27 00:00:00.000,, ,UPD,Updated Normal,ARS,2024-08-07 00:00:00.000,2024-04-29 00:00:00.000
105312,F8FCE,IDFCFIRSTB,IND,NSE ,IDFC First Bank Ltd,1,Annual,2024-03-31 00:00:00.000,,2024-03-31 00:00:00.000,3,BAL,1600,595,QTLE,Total Equity,322735.785,2024-04-27 00:00:00.000,, ,UPD,Updated Normal,ARS,2024-08-07 00:00:00.000,2024-04-29 00:00:00.000
105312,F8FCE,IDFCFIRSTB,IND,NSE ,IDFC First Bank Ltd,1,Annual,2024-03-31 00:00:00.000,,2024-03-31 00:00:00.000,3,BAL,1610,596,QTEL,Total Liabilities & Shareholders' Equity,2962097.783,2024-04-27 00:00:00.000,, ,UPD,Updated Normal,ARS,2024-08-07 00:00:00.000,2024-04-29 00:00:00.000
105312,F8FCE,IDFCFIRSTB,IND,NSE ,IDFC First Bank Ltd,1,Annual,2024-03-31 00:00:00.000,,2024-03-31 00:00:00.000,3,BAL,1620,597,QCSO1,Shares Outs - Common Stock Primary Issue,7069.92385,2024-04-27 00:00:00.000,, ,UPD,Updated Normal,ARS,2024-08-07 00:00:00.000,2024-04-29 00:00:00.000
105312,F8FCE,IDFCFIRSTB,IND,NSE ,IDFC First Bank Ltd,1,Annual,2024-03-31 00:00:00.000,,2024-03-31 00:00:00.000,3,BAL,1660,601,QTCO,Total Common Shares Outstanding,7069.92385,2024-04-27 00:00:00.000,, ,UPD,Updated Normal,ARS,2024-08-07 00:00:00.000,2024-04-29 00:00:00.000
105312,F8FCE,IDFCFIRSTB,IND,NSE ,IDFC First Bank Ltd,1,Annual,2024-03-31 00:00:00.000,,2024-03-31 00:00:00.000,3,BAL,1670,602,QTSN1,Treas Shares - Common Stock Prmry Issue,0.0,2024-04-27 00:00:00.000,, ,UPD,Updated Normal,ARS,2024-08-07 00:00:00.000,2024-04-29 00:00:00.000
105312,F8FCE,IDFCFIRSTB,IND,NSE ,IDFC First Bank Ltd,1,Annual,2024-03-31 00:00:00.000,,2024-03-31 00:00:00.000,3,BAL,1840,619,METL,Employees,41141.0,2024-04-27 00:00:00.000,, ,UPD,Updated Normal,ARS,2024-08-07 00:00:00.000,2024-04-29 00:00:00.000
105312,F8FCE,IDFCFIRSTB,IND,NSE ,IDFC First Bank Ltd,1,Annual,2024-03-31 00:00:00.000,,2024-03-31 00:00:00.000,3,BAL,1850,621,MNOS,Number of Common Shareholders,2611512.0,2024-04-27 00:00:00.000,, ,UPD,Updated Normal,ARS,2024-08-07 00:00:00.000,2024-04-29 00:00:00.000
105312,F8FCE,IDFCFIRSTB,IND,NSE ,IDFC First Bank Ltd,1,Annual,2024-03-31 00:00:00.000,,2024-03-31 00:00:00.000,3,BAL,1914,626,VRWC,Total Risk-Weighted Capital,2315767.3,2024-04-27 00:00:00.000,, ,UPD,Updated Normal,ARS,2024-08-07 00:00:00.000,2024-04-29 00:00:00.000
105312,F8FCE,IDFCFIRSTB,IND,NSE ,IDFC First Bank Ltd,1,Annual,2024-03-31 00:00:00.000,,2024-03-31 00:00:00.000,3,BAL,1917,627,VRTO,Capital Adequacy-Tier 1 Capital %,13.36,2024-04-27 00:00:00.000,, ,UPD,Updated Normal,ARS,2024-08-07 00:00:00.000,2024-04-29 00:00:00.000
105312,F8FCE,IDFCFIRSTB,IND,NSE ,IDFC First Bank Ltd,1,Annual,2024-03-31 00:00:00.000,,2024-03-31 00:00:00.000,3,BAL,1920,628,VRTC,Total Capital %,16.11,2024-04-27 00:00:00.000,, ,UPD,Updated Normal,ARS,2024-08-07 00:00:00.000,2024-04-29 00:00:00.000
105312,F8FCE,IDFCFIRSTB,IND,NSE ,IDFC First Bank Ltd,1,Annual,2024-03-31 00:00:00.000,,2024-03-31 00:00:00.000,3,BAL,1921,629,VRUA,Trading Account,33058.3,2024-04-27 00:00:00.000,, ,UPD,Updated Normal,ARS,2024-08-07 00:00:00.000,2024-04-29 00:00:00.000
105312,F8FCE,IDFCFIRSTB,IND,NSE ,IDFC First Bank Ltd,1,Annual,2024-03-31 00:00:00.000,,2024-03-31 00:00:00.000,3,BAL,1922,630,VRUF,Credit Exposure,2500010.0,2024-04-27 00:00:00.000,, ,UPD,Updated Normal,ARS,2024-08-07 00:00:00.000,2024-04-29 00:00:00.000
105312,F8FCE,IDFCFIRSTB,IND,NSE ,IDFC First Bank Ltd,1,Annual,2024-03-31 00:00:00.000,,2024-03-31 00:00:00.000,3,BAL,1924,631,VRUQ,Non-Performing Loans,37180.0,2024-04-27 00:00:00.000,, ,UPD,Updated Normal,ARS,2024-08-07 00:00:00.000,2024-04-29 00:00:00.000
105312,F8FCE,IDFCFIRSTB,IND,NSE ,IDFC First Bank Ltd,1,Annual,2024-03-31 00:00:00.000,,2024-03-31 00:00:00.000,3,BAL,1926,632,VRUZ,Assets under Management,94940.0,2024-04-27 00:00:00.000,, ,UPD,Updated Normal,ARS,2024-08-07 00:00:00.000,2024-04-29 00:00:00.000
105312,F8FCE,IDFCFIRSTB,IND,NSE ,IDFC First Bank Ltd,1,Annual,2024-03-31 00:00:00.000,,2024-03-31 00:00:00.000,3,BAL,1970,637,STBV,Tangible Book Value,321339.088,2024-04-27 00:00:00.000,, ,UPD,Updated Normal,ARS,2024-08-07 00:00:00.000,2024-04-29 00:00:00.000
105312,F8FCE,IDFCFIRSTB,IND,NSE ,IDFC First Bank Ltd,1,Annual,2024-03-31 00:00:00.000,,2024-03-31 00:00:00.000,3,BAL,1980,638,STBP,Tangible Book Value per Share,45.45156,2024-04-27 00:00:00.000,, ,UPD,Updated Normal,ARS,2024-08-07 00:00:00.000,2024-04-29 00:00:00.000
105312,F8FCE,IDFCFIRSTB,IND,NSE ,IDFC First Bank Ltd,1,Annual,2024-03-31 00:00:00.000,,2024-03-31 00:00:00.000,3,BAL,2290,677,VTOL,"Total Operating Leases, Supplemental",24608.4,2024-04-27 00:00:00.000,, ,UPD,Updated Normal,ARS,2024-08-07 00:00:00.000,2024-04-29 00:00:00.000
105312,F8FCE,IDFCFIRSTB,IND,NSE ,IDFC First Bank Ltd,1,Annual,2024-03-31 00:00:00.000,,2024-03-31 00:00:00.000,3,BAL,2300,678,SOL1,Operating Lease Payments Due in Year 1,5387.4,2024-04-27 00:00:00.000,, ,UPD,Updated Normal,ARS,2024-08-07 00:00:00.000,2024-04-29 00:00:00.000
105312,F8FCE,IDFCFIRSTB,IND,NSE ,IDFC First Bank Ltd,1,Annual,2024-03-31 00:00:00.000,,2024-03-31 00:00:00.000,3,BAL,2310,679,SOL2,Operating Lease Payments Due in Year 2,3943.975,2024-04-27 00:00:00.000,, ,UPD,Updated Normal,ARS,2024-08-07 00:00:00.000,2024-04-29 00:00:00.000
105312,F8FCE,IDFCFIRSTB,IND,NSE ,IDFC First Bank Ltd,1,Annual,2024-03-31 00:00:00.000,,2024-03-31 00:00:00.000,3,BAL,2320,680,SOL3,Operating Lease Payments Due in Year 3,3943.975,2024-04-27 00:00:00.000,, ,UPD,Updated Normal,ARS,2024-08-07 00:00:00.000,2024-04-29 00:00:00.000
105312,F8FCE,IDFCFIRSTB,IND,NSE ,IDFC First Bank Ltd,1,Annual,2024-03-31 00:00:00.000,,2024-03-31 00:00:00.000,3,BAL,2330,681,SOL4,Operating Lease Payments Due in Year 4,3943.975,2024-04-27 00:00:00.000,, ,UPD,Updated Normal,ARS,2024-08-07 00:00:00.000,2024-04-29 00:00:00.000
105312,F8FCE,IDFCFIRSTB,IND,NSE ,IDFC First Bank Ltd,1,Annual,2024-03-31 00:00:00.000,,2024-03-31 00:00:00.000,3,BAL,2340,682,SOL5,Operating Lease Payments Due in Year 5,3943.975,2024-04-27 00:00:00.000,, ,UPD,Updated Normal,ARS,2024-08-07 00:00:00.000,2024-04-29 00:00:00.000
105312,F8FCE,IDFCFIRSTB,IND,NSE ,IDFC First Bank Ltd,1,Annual,2024-03-31 00:00:00.000,,2024-03-31 00:00:00.000,3,BAL,2400,688,SOL23,Operating Lease Pymts. Due in 2-3 Years,7887.95,2024-04-27 00:00:00.000,, ,UPD,Updated Normal,ARS,2024-08-07 00:00:00.000,2024-04-29 00:00:00.000
105312,F8FCE,IDFCFIRSTB,IND,NSE ,IDFC First Bank Ltd,1,Annual,2024-03-31 00:00:00.000,,2024-03-31 00:00:00.000,3,BAL,2410,689,SOL45,Operating Lease Pymts. Due in 4-5 Years,7887.95,2024-04-27 00:00:00.000,, ,UPD,Updated Normal,ARS,2024-08-07 00:00:00.000,2024-04-29 00:00:00.000
105312,F8FCE,IDFCFIRSTB,IND,NSE ,IDFC First Bank Ltd,1,Annual,2024-03-31 00:00:00.000,,2024-03-31 00:00:00.000,3,BAL,2420,690,SOL6B,Oper. Lse. Pymts. Due in Year 6 & Beyond,3445.1,2024-04-27 00:00:00.000,, ,UPD,Updated Normal,ARS,2024-08-07 00:00:00.000,2024-04-29 00:00:00.000
105312,F8FCE,IDFCFIRSTB,IND,NSE ,IDFC First Bank Ltd,1,Annual,2024-03-31 00:00:00.000,,2024-03-31 00:00:00.000,3,BAL,2430,691,VAPD,Pension Obligation - Domestic,1911.5,2024-04-27 00:00:00.000,, ,UPD,Updated Normal,ARS,2024-08-07 00:00:00.000,2024-04-29 00:00:00.000
105312,F8FCE,IDFCFIRSTB,IND,NSE ,IDFC First Bank Ltd,1,Annual,2024-03-31 00:00:00.000,,2024-03-31 00:00:00.000,3,BAL,2460,694,VPAD,Plan Assets - Domestic,1399.5,2024-04-27 00:00:00.000,, ,UPD,Updated Normal,ARS,2024-08-07 00:00:00.000,2024-04-29 00:00:00.000
105312,F8FCE,IDFCFIRSTB,IND,NSE ,IDFC First Bank Ltd,1,Annual,2024-03-31 00:00:00.000,,2024-03-31 00:00:00.000,3,BAL,2490,697,VPPD,Funded Status - Domestic,-512.0,2024-04-27 00:00:00.000,, ,UPD,Updated Normal,ARS,2024-08-07 00:00:00.000,2024-04-29 00:00:00.000
105312,F8FCE,IDFCFIRSTB,IND,NSE ,IDFC First Bank Ltd,1,Annual,2024-03-31 00:00:00.000,,2024-03-31 00:00:00.000,3,BAL,2560,704,VFSS,Total Funded Status,-512.0,2024-04-27 00:00:00.000,, ,UPD,Updated Normal,ARS,2024-08-07 00:00:00.000,2024-04-29 00:00:00.000
105312,F8FCE,IDFCFIRSTB,IND,NSE ,IDFC First Bank Ltd,1,Annual,2024-03-31 00:00:00.000,,2024-03-31 00:00:00.000,3,BAL,2570,705,VDRD,Discount Rate - Domestic,7.2,2024-04-27 00:00:00.000,, ,UPD,Updated Normal,ARS,2024-08-07 00:00:00.000,2024-04-29 00:00:00.000
105312,F8FCE,IDFCFIRSTB,IND,NSE ,IDFC First Bank Ltd,1,Annual,2024-03-31 00:00:00.000,,2024-03-31 00:00:00.000,3,BAL,2600,708,VERD,Expected Rate of Return - Domestic,7.0,2024-04-27 00:00:00.000,, ,UPD,Updated Normal,ARS,2024-08-07 00:00:00.000,2024-04-29 00:00:00.000
105312,F8FCE,IDFCFIRSTB,IND,NSE ,IDFC First Bank Ltd,1,Annual,2024-03-31 00:00:00.000,,2024-03-31 00:00:00.000,3,BAL,2630,711,VRCD,Compensation Rate - Domestic,10.0,2024-04-27 00:00:00.000,, ,UPD,Updated Normal,ARS,2024-08-07 00:00:00.000,2024-04-29 00:00:00.000
105312,F8FCE,IDFCFIRSTB,IND,NSE ,IDFC First Bank Ltd,1,Annual,2024-03-31 00:00:00.000,,2024-03-31 00:00:00.000,3,BAL,2750,723,VALD,Accrued Liabilities - Domestic,-512.0,2024-04-27 00:00:00.000,, ,UPD,Updated Normal,ARS,2024-08-07 00:00:00.000,2024-04-29 00:00:00.000
105312,F8FCE,IDFCFIRSTB,IND,NSE ,IDFC First Bank Ltd,1,Annual,2024-03-31 00:00:00.000,,2024-03-31 00:00:00.000,3,BAL,2840,732,VARS,Net Assets Recognized on Balance Sheet,-512.0,2024-04-27 00:00:00.000,, ,UPD,Updated Normal,ARS,2024-08-07 00:00:00.000,2024-04-29 00:00:00.000
105312,F8FCE,IDFCFIRSTB,IND,NSE ,IDFC First Bank Ltd,1,Annual,2024-03-31 00:00:00.000,,2024-03-31 00:00:00.000,3,BAL,2850,733,VADE,Equity % - Domestic,8.05,2024-04-27 00:00:00.000,, ,UPD,Updated Normal,ARS,2024-08-07 00:00:00.000,2024-04-29 00:00:00.000
105312,F8FCE,IDFCFIRSTB,IND,NSE ,IDFC First Bank Ltd,1,Annual,2024-03-31 00:00:00.000,,2024-03-31 00:00:00.000,3,BAL,2880,736,VDSD,Debt Securities % - Domestic,88.65,2024-04-27 00:00:00.000,, ,UPD,Updated Normal,ARS,2024-08-07 00:00:00.000,2024-04-29 00:00:00.000
105312,F8FCE,IDFCFIRSTB,IND,NSE ,IDFC First Bank Ltd,1,Annual,2024-03-31 00:00:00.000,,2024-03-31 00:00:00.000,3,BAL,2970,745,VXID,Other Investments % - Domestic,3.3,2024-04-27 00:00:00.000,, ,UPD,Updated Normal,ARS,2024-08-07 00:00:00.000,2024-04-29 00:00:00.000
105312,F8FCE,IDFCFIRSTB,IND,NSE ,IDFC First Bank Ltd,1,Annual,2024-03-31 00:00:00.000,,2024-03-31 00:00:00.000,3,BAL,3010,749,STPO,Total Plan Obligations,1911.5,2024-04-27 00:00:00.000,, ,UPD,Updated Normal,ARS,2024-08-07 00:00:00.000,2024-04-29 00:00:00.000
105312,F8FCE,IDFCFIRSTB,IND,NSE ,IDFC First Bank Ltd,1,Annual,2024-03-31 00:00:00.000,,2024-03-31 00:00:00.000,3,BAL,3020,750,STPA,Total Plan Assets,1399.5,2024-04-27 00:00:00.000,, ,UPD,Updated Normal,ARS,2024-08-07 00:00:00.000,2024-04-29 00:00:00.000
105312,F8FCE,IDFCFIRSTB,IND,NSE ,IDFC First Bank Ltd,1,Annual,2024-03-31 00:00:00.000,,2024-03-31 00:00:00.000,3,BAL,1833,1056,QTLL,Total Equity & Minority Interest,322735.785,2024-04-27 00:00:00.000,, ,UPD,Updated Normal,ARS,2024-08-07 00:00:00.000,2024-04-29 00:00:00.000
105312,F8FCE,IDFCFIRSTB,IND,NSE ,IDFC First Bank Ltd,1,Annual,2024-03-31 00:00:00.000,,2024-03-31 00:00:00.000,3,BAL,1853,1059,VGWI,Goodwill - Net,1396.697,2024-04-27 00:00:00.000,, ,UPD,Updated Normal,ARS,2024-08-07 00:00:00.000,2024-04-29 00:00:00.000
105312,F8FCE,IDFCFIRSTB,IND,NSE ,IDFC First Bank Ltd,1,Annual,2024-03-31 00:00:00.000,,2024-03-31 00:00:00.000,3,BAL,1918,1088,VRT2,Capital Adequacy - Tier 2 Capital %,2.75,2024-04-27 00:00:00.000,, ,UPD,Updated Normal,ARS,2024-08-07 00:00:00.000,2024-04-29 00:00:00.000
105312,F8FCE,IDFCFIRSTB,IND,NSE ,IDFC First Bank Ltd,1,Annual,2024-03-31 00:00:00.000,,2024-03-31 00:00:00.000,3,BAL,1906,1089,VRV1,Capital Adequacy -Tier 1 Capital (Value),309400.7,2024-04-27 00:00:00.000,, ,UPD,Updated Normal,ARS,2024-08-07 00:00:00.000,2024-04-29 00:00:00.000
105312,F8FCE,IDFCFIRSTB,IND,NSE ,IDFC First Bank Ltd,1,Annual,2024-03-31 00:00:00.000,,2024-03-31 00:00:00.000,3,BAL,1907,1090,VRV2,Capital Adequacy -Tier 2 Capital (Value),63664.6,2024-04-27 00:00:00.000,, ,UPD,Updated Normal,ARS,2024-08-07 00:00:00.000,2024-04-29 00:00:00.000
105312,F8FCE,IDFCFIRSTB,IND,NSE ,IDFC First Bank Ltd,1,Annual,2024-03-31 00:00:00.000,,2024-03-31 00:00:00.000,3,BAL,1912,1091,VRVT,Capital Adequacy - Total Capital (Value),373065.3,2024-04-27 00:00:00.000,, ,UPD,Updated Normal,ARS,2024-08-07 00:00:00.000,2024-04-29 00:00:00.000
105312,F8FCE,IDFCFIRSTB,IND,NSE ,IDFC First Bank Ltd,1,Annual,2024-03-31 00:00:00.000,,2024-03-31 00:00:00.000,3,BAL,1898,1094,VRVC,Capital Adequacy - Core Tier 1 (Value),309400.7,2024-04-27 00:00:00.000,, ,UPD,Updated Normal,ARS,2024-08-07 00:00:00.000,2024-04-29 00:00:00.000
105312,F8FCE,IDFCFIRSTB,IND,NSE ,IDFC First Bank Ltd,1,Annual,2024-03-31 00:00:00.000,,2024-03-31 00:00:00.000,3,BAL,1895,1096,VRLR,Leverage Ratio (Basel 3),9.46,2024-04-27 00:00:00.000,, ,UPD,Updated Normal,ARS,2024-08-07 00:00:00.000,2024-04-29 00:00:00.000
105312,F8FCE,IDFCFIRSTB,IND,NSE ,IDFC First Bank Ltd,1,Annual,2024-03-31 00:00:00.000,,2024-03-31 00:00:00.000,3,BAL,1916,1098,VRC1,Capital Adequacy - Core Tier 1 Capital %,13.36,2024-04-27 00:00:00.000,, ,UPD,Updated Normal,ARS,2024-08-07 00:00:00.000,2024-04-29 00:00:00.000
105312,F8FCE,IDFCFIRSTB,IND,NSE ,IDFC First Bank Ltd,1,Annual,2024-03-31 00:00:00.000,,2024-03-31 00:00:00.000,3,BAL,1897,1100,VRLC,Liquidity Coverage Ratio (Basel 3),113.64,2024-04-27 00:00:00.000,, ,UPD,Updated Normal,ARS,2024-08-07 00:00:00.000,2024-04-29 00:00:00.000
105312,F8FCE,IDFCFIRSTB,IND,NSE ,IDFC First Bank Ltd,1,Annual,2024-03-31 00:00:00.000,,2024-03-31 00:00:00.000,3,BAL,1896,1106,VRSF,Net Stable Funding Ratio (Basel 3),124.8,2024-04-27 00:00:00.000,, ,UPD,Updated Normal,ARS,2024-08-07 00:00:00.000,2024-04-29 00:00:00.000
