"id","company_name","sector","sub_sector","created_at","updated_at","dd_ticker","nse_ticker","bse_ticker","dd_index","kms_index","refinitiv_index","kms_comp_code","fiscalmonth"
1104,Alkem Laboratories Ltd.,28,30,2024-09-04 10:58:18.053,2025-01-02 10:30:32.529,ALKEM.DD,ALKEM,,1618,,103153,,3
1101,Arvind SmartSpaces Limited,72,75,2024-09-04 10:58:18.053,2025-01-02 10:30:37.360,ARVSMART.DD,ARVSMART,"539301",1628,,109393,,3
1552,Data Patterns (India) Limited,38,48,2024-09-04 10:58:18.053,2025-01-02 10:30:37.360,DATAPATTNS.DD,DATAPATTNS,"543428",28064,,130474,,3
37,Eclerx Services,31,32,2024-09-04 10:58:18.053,2025-01-02 10:30:32.529,ECLERX.DD,ECLERX,,47,,65354,,3
32701,ACME SOLAR HOLDINGS LTD,74,,2024-11-30 02:44:39.162,2024-12-17 10:00:01.572,ACMESOLAR.DD,ACMESOLAR,,368846,,115043,,0
1337,Fine Organic Industries Ltd.,38,42,2024-09-04 10:58:18.053,2025-01-02 10:30:37.360,FINEORG.DD,FINEORG,"541557",24852,,116222,,3
786,Brigade Enterprises Ltd.,72,75,2024-09-04 10:58:18.053,2025-01-02 10:30:32.529,BRIGADE.DD,BRIGADE,"532929",480,,65359,,3
1681,GO DIGIT GENERAL INS LTD,137,,2024-09-04 10:58:18.053,2025-01-02 10:30:37.360,GODIGIT.DD,GODIGIT,,77169,,134497,,3
486,Vodafone Idea Limited,68,71,2024-09-04 10:58:18.053,2025-01-02 10:30:27.925,IDEA.DD,IDEA,,52,,58741,,3
666,Alembic Pharmaceuticals Limited,28,30,2024-09-04 10:58:18.053,2025-01-02 10:30:32.529,APLLTD.DD,APLLTD,"533573",227,,87447,,3
183,Computer Age Management Services Ltd,31,33,2024-09-04 10:58:18.053,2025-01-02 10:30:37.360,CAMS.DD,CAMS,,27949,,121867,,3
1594,INOX Green Energy Services Limited,72,74,2024-09-04 10:58:18.053,2024-12-25 19:00:00.948,INOXGREEN.DD,INOXGREEN,"543667",28103,,132431,,0
1640,INOX India Ltd,38,45,2024-09-04 10:58:18.053,2025-01-02 10:30:37.360,INOXINDIA.DD,INOXINDIA,"544046",28301,,137671,,3
1312,Intellect Design Arena Ltd,31,37,2024-09-04 10:58:18.053,2025-01-02 10:30:32.529,INTELLECT.DD,INTELLECT,"538835",4107,,101974,,3
1327,Carysil Ltd,7,11,2024-09-04 10:58:18.053,2025-01-02 10:30:32.529,CARYSIL.DD,CARYSIL,,23850,,92376,,3
484,JK Tyre & Industries Ltd,1,5,2024-09-04 10:58:18.053,2025-01-02 10:30:27.925,JKTYRE.DD,JKTYRE,,56,,26145,,6
1628,JSW Infrastructure Limited.,64,65,2024-09-04 10:58:18.053,2025-01-02 10:30:37.360,JSWINFRA.DD,JSWINFRA,,28264,,136752,,3
1384,Jubilant Ingrevia Limited,38,42,2024-09-04 10:58:18.053,2025-01-02 10:30:37.360,JUBLINGREA.DD,JUBLINGREA,"543271",28085,,128975,,3
1440,KPIT Technologies Ltd,31,36,2024-09-04 10:58:18.053,2024-12-25 19:00:00.948,KPITTECH.DD,KPITTECH,"542651",27951,,119503,,0
802,Cholamandalam Investment & Finance Company Ltd.,20,23,2024-09-04 10:58:18.053,2025-01-02 10:30:27.925,CHOLAFIN.DD,CHOLAFIN,,519,,50880,,3
1497,Krsnaa Diagnostics Ltd,28,86,2024-09-04 10:58:18.053,2025-01-02 10:30:37.360,KRSNAA.DD,KRSNAA,"543328",28009,,128610,,3
144,Mahanagar Gas Ltd.,60,63,2024-09-04 10:58:18.053,2025-01-02 10:30:32.529,MGL.DD,MGL,"539957",249,,98072,,3
947,Info Edge (India) Ltd,31,34,2024-09-04 10:58:18.053,2025-01-02 10:30:27.925,NAUKRI.DD,NAUKRI,,1113,,53348,,3
641,Narayana Hrudayalaya Ltd,28,29,2024-09-04 10:58:18.053,2025-01-02 10:30:32.529,NH.DD,NH,,202,,102331,,3
1155,LTIMindtree Limited,31,36,2024-09-04 10:58:18.053,2025-01-02 10:30:32.529,LTIM.DD,LTIM,"540005",1829,,103258,,3
1108,APL Apollo Tubes Ltd.,92,93,2024-09-04 10:58:18.053,2025-01-02 10:30:32.529,APLAPOLLO.DD,APLAPOLLO,"533758",1622,,70235,,3
1464,Hitachi Energy India Ltd,38,39,2024-09-04 10:58:18.053,2025-01-02 10:30:37.360,POWERINDIA.DD,POWERINDIA,,27968,,123570,,12
991,Prestige Estates Projects Ltd,72,75,2024-09-04 10:58:18.053,2025-01-02 10:30:32.529,PRESTIGE.DD,PRESTIGE,"533274",1230,,79386,,3
1227,Cochin Shipyard Ltd.,38,45,2024-09-04 10:58:18.053,2025-01-02 10:30:32.529,COCHINSHIP.DD,COCHINSHIP,"540678",4029,,91883,,3
1160,RHI Magnesita India Ltd,92,95,2024-09-04 10:58:18.053,2025-01-02 10:30:32.529,RHIM.DD,RHIM,"534076",1918,,100282,,3
515,Dr. Reddys Laboratories,28,30,2024-09-04 10:58:18.053,2025-01-02 10:30:27.925,DRREDDY.DD,DRREDDY,,88,,24213,,3
1564,Equitas Small Finance Bank Ltd,20,25,2024-09-04 10:58:18.053,2025-01-02 10:30:37.360,EQUITASBNK.DD,EQUITASBNK,"543243",28077,,125201,,3
1528,Sansera Engineering Ltd,1,4,2024-09-04 10:58:18.053,2025-01-02 10:30:37.360,SANSERA.DD,SANSERA,"543358",28031,,117232,,3
36105,GODAVARI BIOREFINERIES L,134,,2024-11-30 02:44:40.379,2024-12-17 10:00:01.711,GODAVARIB.DD,GODAVARIB,,320996,,130420,,0
1010,Sarda Energy & Minerals Ltd.,56,58,2024-09-04 10:58:18.053,2025-01-02 10:30:32.529,SARDAEN.DD,SARDAEN,"504614",1320,,61504,,3
1716,SBI Cards and Payment Services Ltd.,20,26,2024-09-04 10:58:18.053,2025-01-02 10:30:37.360,SBICARD.DD,SBICARD,"543066",27941,,120441,,3
1500,Glenmark Life Sciences Ltd.,28,30,2024-09-04 10:58:18.053,2025-01-02 10:30:37.360,GLS.DD,GLS,"543322",28001,,128200,,3
1412,Arvind Fashion Ltd.,7,18,2024-09-04 10:58:18.053,2025-01-02 10:30:37.360,ARVINDFASN.DD,ARVINDFASN,,27928,,118766,,3
1896,Healthcare Global Enterprises Ltd.,28,29,2024-09-04 10:58:18.053,2025-01-02 10:30:32.529,HCG.DD,HCG,,1756,,107248,,3
1029,Sobha Ltd.,72,75,2024-09-04 10:58:18.053,2025-01-02 10:30:27.925,SOBHA.DD,SOBHA,,1377,,54925,,3
1641,HAPPY FORGINGS LIMITED,1,4,2024-09-04 10:58:18.053,2025-01-02 10:30:37.360,HAPPYFORGE.DD,HAPPYFORGE,,28306,,137872,,3
2039,Solar Industries,38,42,2024-09-04 10:58:18.053,2025-01-02 10:30:27.925,SOLARINDS.DD,SOLARINDS,,163,,51099,,3
668,Somany Ceramics,92,10,2024-09-04 10:58:18.053,2025-01-02 10:30:27.925,SOMANYCERA.DD,SOMANYCERA,,235,,55449,,3
1690,Bharat Dynamics Ltd.,38,45,2024-09-04 10:58:18.053,2025-01-02 10:30:37.360,BDL.DD,BDL,"541143",24282,,112454,,3
1378,Stylam Industries Limited,92,94,2024-09-04 10:58:18.053,2025-01-02 10:30:37.360,STYLAMIND.DD,STYLAMIND,"526951",27264,,109358,,3
1468,Sumitomo Chemicals India Ltd,78,79,2024-09-04 10:58:18.053,2025-01-02 10:30:37.360,SUMICHEM.DD,SUMICHEM,"542920",27975,,121943,,3
727,Hindustan Zinc Ltd,56,59,2024-09-04 10:58:18.053,2025-01-02 10:30:27.925,HINDZINC.DD,HINDZINC,,279,,25714,,3
1206,Symphony Ltd.,7,11,2024-09-04 10:58:18.053,2025-01-02 10:30:32.529,SYMPHONY.DD,SYMPHONY,"517385",2066,,88034,,6
1573,Syrma SGS Technology Limited,38,125,2024-09-04 10:58:18.053,2025-01-02 10:30:37.360,SYRMA.DD,SYRMA,"543573",28089,,131675,,3
1261,Dixon Technologies Ltd.,38,125,2024-09-04 10:58:18.053,2025-01-02 10:30:37.360,DIXON.DD,DIXON,"540699",4049,,112897,,3
1717,INOX WIND ENERGY LIMITED,70,74,2024-09-04 10:58:18.053,2024-12-25 19:00:00.948,IWEL.DD,IWEL,"543297",28347,,132385,,0
550,BSE Ltd,20,27,2024-09-04 10:58:18.053,2025-01-02 10:30:37.360,BSE.DD,BSE,,133,,109544,,3
1537,Tarsons Products Limited,38,117,2024-09-04 10:58:18.053,2025-01-02 10:30:37.360,TARSONS.DD,TARSONS,"543399",28053,,129852,,3
551,Dalmia Bharat Ltd.,92,73,2024-09-04 10:58:18.053,2025-01-02 10:30:37.360,DALBHARAT.DD,DALBHARAT,,137,,119222,,3
1524,Ami Organics Ltd,28,30,2024-09-04 10:58:18.053,2025-01-02 10:30:37.360,AMIORG.DD,AMIORG,,28028,,118820,,3
1630,Tata Technologies Ltd,31,36,2024-09-04 10:58:18.053,2025-01-02 10:30:37.360,TATATECH.DD,TATATECH,"544028",28296,,136015,,3
1419,TBO Tek Limited,31,34,2024-09-04 10:58:18.053,2025-01-02 10:30:37.360,TBOTEK.DD,TBOTEK,"544174",32014,,131836,,3
1212,TD Power Systems Ltd,38,39,2024-09-04 10:58:18.053,2025-01-02 10:30:32.529,TDPOWERSYS.DD,TDPOWERSYS,"533553",2076,,85209,,3
1903,Teamlease Services Ltd,64,85,2024-09-04 10:58:18.053,2025-01-02 10:30:32.529,TEAMLEASE.DD,TEAMLEASE,"539658",2077,,101647,,3
1553,Tega Industries Ltd,38,45,2024-09-04 10:58:18.053,2024-12-25 19:00:00.948,TEGA.DD,TEGA,"543413",28066,,132268,,0
1902,NMDC Steel Limited,139,,2024-09-04 10:58:18.053,2024-12-17 10:00:01.711,NSLNISP.DD,NSLNISP,,31988,,135773,,0
787,CESC Ltd.,72,74,2024-09-04 10:58:18.053,2025-01-02 10:30:27.925,CESC.DD,CESC,,512,,26973,,3
18673,AFCONS INFRASTRUCTURE LTD,132,,2024-11-13 06:29:46.326,2025-01-02 10:30:27.925,AFCONS.DD,AFCONS,,332982,,59873,,3
2061,Tube Investment of India Ltd.,1,4,2024-09-04 10:58:18.053,2025-01-02 10:30:37.360,TIINDIA.DD,TIINDIA,"540762",27568,,114830,,3
33744,GE VERNOVA T&D INDIA LTD,140,,2024-11-30 02:44:39.475,2025-01-02 10:30:27.925,GVT&D.DD,GVT&D,,337896,,25668,,12
1743,Brand Concepts Limited,118,,2024-09-04 10:58:18.053,2024-12-17 10:00:01.572,BCONCEPTS.DD,BCONCEPTS,,28585,,115110,,0
44,IRB Infrastructure Developers Ltd.,72,76,2024-09-04 10:58:18.053,2025-01-02 10:30:32.529,IRB.DD,IRB,"532947",876,,65764,,3
1394,Indian Railways Catering and Tourism Corporation,64,14,2024-09-04 10:58:18.053,2025-01-02 10:30:37.360,IRCTC.DD,IRCTC,,27909,,111709,,3
1595,KFin Technologies Limited,31,33,2024-09-04 10:58:18.053,2025-01-02 10:30:37.360,KFINTECH.DD,KFINTECH,"543720",28111,,132938,,3
1250,Astral Ltd,38,43,2024-09-04 10:58:18.053,2025-01-02 10:30:27.925,ASTRAL.DD,ASTRAL,,4042,,58429,,3
676,DCB Bank Ltd.,20,22,2024-09-04 10:58:18.053,2025-01-02 10:30:27.925,DCBBANK.DD,DCBBANK,,233,,52022,,3
189,UTI Asset Management Company Ltd,20,115,2024-09-04 10:58:18.053,2025-01-02 10:30:32.529,UTIAMC.DD,UTIAMC,"543238",27984,,67898,,3
857,Gujarat Pipavav Port Ltd,72,66,2024-09-04 10:58:18.053,2025-01-02 10:30:32.529,GPPL.DD,GPPL,"533248",729,,73046,,12
602,Jyothy Labs Ltd.,7,9,2024-09-04 10:58:18.053,2025-01-02 10:30:32.529,JYOTHYLAB.DD,JYOTHYLAB,"532926",185,,63360,,6
1625,Sai Silks Kalamandir Limited,7,18,2024-09-04 10:58:18.053,2025-01-02 10:30:32.529,KALAMANDIR.DD,KALAMANDIR,,28149,,76586,,3
1208,V Mart Retail Ltd.,118,121,2024-09-04 10:58:18.053,2025-01-02 10:30:32.529,VMART.DD,VMART,"534976",2126,,91799,,3
699,VRL Logistics,64,65,2024-09-04 10:58:18.053,2025-01-02 10:30:32.529,VRLLOG.DD,VRLLOG,"539118",254,,68731,,3
1257,VA Tech Wabag,72,107,2024-09-04 10:58:18.053,2025-01-02 10:30:32.529,WABAG.DD,WABAG,"533269",4043,,81277,,3
1603,Divgi TorqTransfer Systems Limited,1,4,2024-09-04 10:58:18.053,2025-01-02 10:30:37.360,DIVGIITTS.DD,DIVGIITTS,,28117,,134706,,3
1472,Macrotech Developers Ltd,72,75,2024-09-04 10:58:18.053,2025-01-02 10:30:32.529,LODHA.DD,LODHA,"543287",27980,,78166,,3
1492,Windlas Biotech Limited,28,30,2024-09-04 10:58:18.053,2024-12-25 19:00:00.948,WINDLAS.DD,WINDLAS,"543329",28007,,129809,,0
1507,Vijaya Diagnostic Centre Ltd,28,86,2024-09-04 10:58:18.053,2025-01-02 10:30:37.360,VIJAYA.DD,VIJAYA,"543350",28022,,128966,,3
916,KNR Constructions Ltd.,72,76,2024-09-04 10:58:18.053,2025-01-02 10:30:32.529,KNRCON.DD,KNRCON,"532942",979,,65611,,3
1152,L&T Technology Services Ltd.,31,36,2024-09-04 10:58:18.053,2025-01-02 10:30:32.529,LTTS.DD,LTTS,"540115",1830,,106896,,3
1914,Updater Services limited,200,300,2024-09-04 10:58:18.053,2025-01-02 10:30:37.360,UDS.DD,UDS,,28293,,136480,,3
1284,Galaxy Surfactants Ltd.,38,42,2024-09-04 10:58:18.053,2025-01-02 10:30:32.529,GALAXYSURF.DD,GALAXYSURF,,4083,,83461,,3
1610,Yatharth Hospital & Trauma Care Services Limited,28,29,2024-09-04 10:58:18.053,2025-01-02 10:30:37.360,YATHARTH.DD,YATHARTH,"543950",28140,,132957,,3
1631,Yatra Online Limited,31,34,2024-09-04 10:58:18.053,2025-01-02 10:30:37.360,YATRA.DD,YATRA,"543992",28150,,132881,,3
1612,Zaggle Prepaid Ocean Services Limited,31,34,2024-09-04 10:58:18.053,2025-01-02 10:30:37.360,ZAGGLE.DD,ZAGGLE,"543985",28147,,135797,,3
1491,Zomato,118,122,2024-09-04 10:58:18.053,2025-01-02 10:30:37.360,ZOMATO.DD,ZOMATO,"543320",27994,,128260,,3
1609,Mankind Pharma Limited,28,30,2024-09-04 10:58:18.053,2025-01-02 10:30:37.360,MANKIND.DD,MANKIND,,28125,,110595,,3
512,SUNDARAM CLAYTON LIMITED,128,,2024-09-04 10:58:18.053,2024-12-17 10:00:01.843,SUNCLAY.DD,SUNCLAY,,76061,,138327,,0
555,Orient Cement Ltd.,92,73,2024-09-04 10:58:18.053,2025-01-02 10:30:32.529,ORIENTCEM.DD,ORIENTCEM,,135,,95238,,3
137,Azad Engineering Limited,38,45,2024-09-04 10:58:18.053,2025-01-02 10:30:37.360,AZAD.DD,AZAD,,28305,,138052,,3
1624,R R Kabel Limited,38,46,2024-09-04 10:58:18.053,2025-01-02 10:30:37.360,RRKABEL.DD,RRKABEL,,28146,,137692,,3
1542,Star Health and Allied Insurance Company Ltd,20,116,2024-09-04 10:58:18.053,2025-01-02 10:30:37.360,STARHEALTH.DD,STARHEALTH,"543412",28055,,126656,,3
1276,MAS Financial Services Limited,20,26,2024-09-04 10:58:18.053,2025-01-02 10:30:37.360,MASFIN.DD,MASFIN,"540749",4059,,109489,,3
1321,Amber Enterprises India Ltd.,38,125,2024-09-04 10:58:18.053,2025-01-02 10:30:37.360,AMBER.DD,AMBER,"540902",23974,,114262,,3
1590,Global Health Limited,28,29,2024-09-04 10:58:18.053,2025-01-02 10:30:37.360,MEDANTA.DD,MEDANTA,"543654",28098,,130541,,3
1549,Medplus Health Services Limited,28,30,2024-09-04 10:58:18.053,2025-01-02 10:30:37.360,MEDPLUS.DD,MEDPLUS,,28063,,121339,,3
18995,EUREKA FORBES LIMITED,136,,2024-11-13 06:29:46.502,2025-01-02 10:30:37.360,EUREKAFORB.DD,EUREKAFORB,,147482,,132831,,3
1135,Gravita India Ltd,56,59,2024-09-04 10:58:18.053,2025-01-02 10:30:32.529,GRAVITA.DD,GRAVITA,"533282",1742,,78270,,3
1444,Home First Finance Ltd.,20,24,2024-09-04 10:58:18.053,2025-01-02 10:30:37.360,HOMEFIRST.DD,HOMEFIRST,"543259",27959,,121315,,3
1157,Mold-Tek Packaging Ltd.,38,43,2024-09-04 10:58:18.053,2025-01-02 10:30:32.529,MOLDTKPAC.DD,MOLDTKPAC,"533080",1876,,92230,,3
603,Dr. Lal Pathlabs Ltd.,28,86,2024-09-04 10:58:18.053,2025-01-02 10:30:32.529,LALPATHLAB.DD,LALPATHLAB,"539524",190,,102970,,3
585,Heidelberg Cement India Ltd,92,73,2024-09-04 10:58:18.053,2025-01-02 10:30:27.925,HEIDELBERG.DD,HEIDELBERG,,158,,57919,,12
32011,Vardhman Special Steels Ltd.,139,,2024-11-30 02:44:39.162,2025-01-02 10:30:32.529,VSSL.DD,VSSL,,2128,,90978,,3
295,Laurus Labs Ltd.,28,30,2024-09-04 10:58:18.053,2025-01-02 10:30:32.529,LAURUSLABS.DD,LAURUSLABS,"540222",1819,,108468,,3
1168,Nippon Life India Asset Management Ltd,20,115,2024-12-06 09:02:06.601,2025-01-02 10:30:37.360,NAMINDIA.DD,NAM-INDIA,"540767",27922,,113011,,3
606,Fortis Healthcare,28,29,2024-09-04 10:58:18.053,2025-01-02 10:30:27.925,FORTIS.DD,FORTIS,,191,,57309,,3
1450,Nazara Technologies Ltd,49,52,2024-09-04 10:58:18.053,2025-01-02 10:30:37.360,NAZARA.DD,NAZARA,,27964,,114055,,3
937,NCC Ltd.,72,107,2024-09-04 10:58:18.053,2025-01-02 10:30:27.925,NCC.DD,NCC,,1117,,50525,,3
702,Container Corp of India Ltd,64,65,2024-09-04 10:58:18.053,2025-01-02 10:30:27.925,CONCOR.DD,CONCOR,,253,,27472,,3
751,AHLUWALIA CONTRACTS (INDIA) LTD,72,107,2024-09-04 10:58:18.053,2025-01-02 10:30:32.529,AHLUCONT.DD,AHLUCONT,"532811",317,,62879,,3
1350,Newgen Software Technologies Ltd.,31,37,2024-09-04 10:58:18.053,2025-01-02 10:30:32.529,NEWGEN.DD,NEWGEN,"540900",26187,,102539,,3
1448,Gland Pharma Limited,28,30,2024-09-04 10:58:18.053,2025-01-02 10:30:37.360,GLAND.DD,GLAND,"543245",27950,,117395,,3
902,K.P.R. Mill Limited,38,109,2024-09-04 10:58:18.053,2025-01-02 10:30:32.529,KPRMILL.DD,KPRMILL,"532889",990,,61593,,3
1138,GNA Axles Ltd,1,4,2024-09-04 10:58:18.053,2025-01-02 10:30:32.529,GNA.DD,GNA,"540124",1734,,106185,,3
1713,Amrutanjan Health Care Limited,28,30,2024-09-04 10:58:18.053,2025-01-02 10:30:27.925,AMRUTANJAN.DD,AMRUTANJAN,,1619,,26516,,3
425,TVS HOLDINGS LIMITED,128,,2024-09-04 10:58:18.053,2025-01-02 10:30:27.925,TVSHLTD.DD,TVSHLTD,,76931,,26168,,3
1515,Nuvoco Vistas Corporation Limited,92,73,2024-09-04 10:58:18.053,2025-01-02 10:30:37.360,NUVOCO.DD,NUVOCO,"543334",28013,,128439,,3
1390,Varroc Engineering Ltd.,1,4,2024-09-04 10:58:18.053,2025-01-02 10:30:37.360,VARROC.DD,VARROC,"541578",27692,,115294,,3
1149,Just Dial Ltd.,31,34,2024-09-04 10:58:18.053,2025-01-02 10:30:32.529,JUSTDIAL.DD,JUSTDIAL,"535648",1799,,92058,,3
1645,Apeejay Surrendra Park Hotels Limited,64,14,2024-09-04 10:58:18.053,2025-01-02 10:30:37.360,PARKHOTELS.DD,PARKHOTELS,,28317,,138759,,3
356,NIIT LEARNING SYSTEMS LTD,37,,2024-09-04 10:58:18.053,2025-01-02 10:30:37.360,NIITMTS.DD,NIITMTS,,75527,,137716,,3
349,PNB Housing Finance Ltd.,20,24,2024-09-04 10:58:18.053,2025-01-02 10:30:32.529,PNBHOUSING.DD,PNBHOUSING,"540173",1944,,88021,,3
985,Persistent Systems,31,36,2024-09-04 10:58:18.053,2025-01-02 10:30:32.529,PERSISTENT.DD,PERSISTENT,"533179",71,,65987,,3
1191,PNC Infratech Limited,72,107,2024-09-04 10:58:18.053,2025-01-02 10:30:32.529,PNCINFRA.DD,PNCINFRA,"539150",1946,,67945,,3
1763,Indegene Limited,28,30,2024-09-04 10:58:18.053,2025-01-02 10:30:37.360,INDGN.DD,INDGN,,32032,,137936,,3
1942,Polycab India Ltd.,38,46,2024-09-04 10:58:18.053,2025-01-02 10:30:37.360,POLYCAB.DD,POLYCAB,"542652",27916,,119099,,3
1557,Vedant Fashions Ltd,7,18,2024-09-04 10:58:18.053,2025-01-02 10:30:37.360,MANYAVAR.DD,MANYAVAR,"543463",28071,,132497,,3
1259,Aditya Birla Fashion and Retail Ltd,118,119,2024-09-04 10:58:18.053,2025-01-02 10:30:32.529,ABFRL.DD,ABFRL,"535755",4040,,95457,,3
2064,GR Infraprojects Ltd,72,107,2024-09-04 10:58:18.053,2025-01-02 10:30:32.529,GRINFRA.DD,GRINFRA,"543317",27990,,104720,,3
1818,Stanley Lifestyles Limited,7,84,2024-09-04 10:58:18.053,2024-12-17 10:00:01.843,STANLEY.DD,STANLEY,,32020,,137652,,0
1192,Pricol Ltd,1,4,2024-09-04 10:58:18.053,2025-01-02 10:30:27.925,PRICOLLTD.DD,PRICOLLTD,,1957,,26032,,3
21,Aster DM Healthcare Ltd.,28,29,2024-09-04 10:58:18.053,2025-01-02 10:30:37.360,ASTERDM.DD,ASTERDM,"540975",4104,,108807,,3
1320,Matrimony.com Ltd,31,34,2024-09-04 10:58:18.053,2025-01-02 10:30:32.529,MATRIMONY.DD,MATRIMONY,"540704",4117,,104571,,3
1193,Westlife Foodworld Limited.,118,99,2024-09-04 10:58:18.053,2025-01-02 10:30:32.529,WESTLIFE.DD,WESTLIFE,"505533",1988,,95524,,3
1342,General Insurance Corporation of India,20,114,2024-09-04 10:58:18.053,2025-01-02 10:30:37.360,GICRE.DD,GICRE,"540755",24970,,113996,,3
1217,Wonderla Holidays Ltd,49,52,2024-09-04 10:58:18.053,2025-01-02 10:30:32.529,WONDERLA.DD,WONDERLA,"538268",2135,,92518,,3
1576,Harsha Engineers International Ltd,38,48,2024-09-04 10:58:18.053,2025-01-02 10:30:37.360,HARSHA.DD,HARSHA,"543600",28092,,132407,,3
361,Multi Commodity Exchange of India Ltd.,20,27,2024-09-04 10:58:18.053,2025-01-02 10:30:32.529,MCX.DD,MCX,"534091",1860,,68357,,3
1179,Quess Corp Ltd.,64,85,2024-09-04 10:58:18.053,2025-01-02 10:30:32.529,QUESS.DD,QUESS,,1964,,101646,,3
1551,Rainbow Childrenâ€™s Medicare Limited,28,29,2024-09-04 10:58:18.053,2025-01-02 10:30:37.360,RAINBOW.DD,RAINBOW,"543524",28080,,131834,,3
1221,Minda Corp Ltd,1,4,2024-09-04 10:58:18.053,2025-01-02 10:30:32.529,MINDACORP.DD,MINDACORP,,4012,,91306,,3
1547,RateGain Travel Technologies Limited,31,37,2024-09-04 10:58:18.053,2025-01-02 10:30:37.360,RATEGAIN.DD,RATEGAIN,"543417",28059,,129957,,3
1309,RBL Bank Ltd.,20,22,2024-09-04 10:58:18.053,2025-01-02 10:30:32.529,RBLBANK.DD,RBLBANK,"540065",215,,96792,,3
1533,Go Fashion (India) Ltd,118,119,2024-09-04 10:58:18.053,2025-01-02 10:30:37.360,GOCOLORS.DD,GOCOLORS,"543401",28054,,131448,,3
1243,Life Insurance Corporation of India,20,89,2024-09-04 10:58:18.053,2025-01-02 10:30:37.360,LICI.DD,LICI,"543526",28072,,122069,,3
82,Prudent Corporate Advisory Services Limited,20,83,2024-09-04 10:58:18.053,2025-01-02 10:30:37.360,PRUDENT.DD,PRUDENT,"543527",28082,,133102,,3
1567,Campus Activewear Limited,118,120,2024-09-04 10:58:18.053,2025-01-02 10:30:37.360,CAMPUS.DD,CAMPUS,"543523",28079,,133001,,3
1124,Crompton Greaves Consumer Electricals Ltd.,7,11,2024-09-04 10:58:18.053,2024-12-25 19:00:00.948,CROMPTON.DD,CROMPTON,"539876",1690,,108493,,0
350,Delhivery Limited,64,65,2024-09-04 10:58:18.053,2025-01-02 10:30:37.360,DELHIVERY.DD,DELHIVERY,"543529",28084,,126200,,3
1575,Ethos Ltd,118,17,2024-09-04 10:58:18.053,2025-01-02 10:30:37.360,ETHOSLTD.DD,ETHOSLTD,"543532",28087,,132270,,3
1586,Kaynes Technology India Limited,38,125,2024-09-04 10:58:18.053,2025-01-02 10:30:37.360,KAYNES.DD,KAYNES,"543664",28104,,135017,,3
1629,Cello World Ltd,38,110,2024-09-04 10:58:18.053,2025-01-02 10:30:37.360,CELLO.DD,CELLO,"544012",28271,,137521,,3
1623,SAMHI Hotels Limited,64,14,2024-09-04 10:58:18.053,2025-01-02 10:30:37.360,SAMHI.DD,SAMHI,,28145,,117525,,3
1910,PDS Limited,7,18,2024-09-04 10:58:18.053,2025-01-02 10:30:32.529,PDSL.DD,PDSL,"538730",28329,,103912,,3
770,DOMS Industries Ltd,102,103,2024-09-04 10:58:18.053,2025-01-02 10:30:37.360,DOMS.DD,DOMS,"544045",28300,,137933,,3
1652,Entero Healthcare Solutions Limited,28,30,2024-09-04 10:58:18.053,2025-01-02 10:30:37.360,ENTERO.DD,ENTERO,,28320,,137703,,3
1647,Bharti Hexacom Limited,68,71,2024-09-04 10:58:18.053,2025-01-02 10:30:37.360,BHARTIHEXA.DD,BHARTIHEXA,"544162",28633,,139123,,3
1462,Laxmi Organic Industries Ltd,38,42,2024-09-04 10:58:18.053,2025-01-02 10:30:37.360,LXCHEM.DD,LXCHEM,"543277",27972,,127172,,3
287,Gulf Oil Lubricants India Ltd.,60,101,2024-09-04 10:58:18.053,2025-01-02 10:30:32.529,GULFOILLUB.DD,GULFOILLUB,"538567",1752,,98621,,3
941,Navin Flourine International Ltd.,38,42,2024-09-04 10:58:18.053,2025-01-02 10:30:27.925,NAVINFLUOR.DD,NAVINFLUOR,,1114,,53859,,3
2088,Jio Financial Services Limited,20,26,2024-09-04 10:58:18.053,2024-12-17 10:00:01.843,JIOFIN.DD,JIOFIN,,28310,,137340,,0
332,Rolex Ring Ltd,1,4,2024-09-04 10:58:18.053,2025-01-02 10:30:37.360,ROLEXRINGS.DD,ROLEXRINGS,"543325",28002,,127938,,3
1247,ICICI Lombard General Insurance Company Ltd,20,114,2024-09-04 10:58:18.053,2025-01-02 10:30:37.360,ICICIGI.DD,ICICIGI,"540716",4033,,112857,,3
27231,SANOFI CONS HEALTHC IND L,138,,2024-11-21 19:00:00.344,2025-01-02 10:30:37.360,SANOFICONR.DD,SANOFICONR,,160148,,140379,,12
479,Hindustan Unilever Ltd.,7,9,2024-09-04 10:58:18.053,2025-01-02 10:30:27.925,HINDUNILVR.DD,HINDUNILVR,,41,,21521,,12
1545,Sona BLW Precision Forgings Ltd,1,4,2024-09-04 10:58:18.053,2025-01-02 10:30:37.360,SONACOMS.DD,SONACOMS,"543300",28062,,127184,,3
669,ICICI Prudential Life Insurance,20,89,2024-09-04 10:58:18.053,2025-01-02 10:30:32.529,ICICIPRULI.DD,ICICIPRULI,"540133",239,,108420,,3
516,Jubilant Foodworks Ltd.,118,99,2024-09-04 10:58:18.053,2025-01-02 10:30:32.529,JUBLFOOD.DD,JUBLFOOD,"533155",97,,78512,,3
1429,Route Mobile Ltd,31,34,2024-09-04 10:58:18.053,2025-01-02 10:30:32.529,ROUTE.DD,ROUTE,"543228",27942,,108308,,3
19086,Sagility India Limited,31,32,2024-11-13 06:29:46.502,2025-01-02 10:30:37.360,SAGILITY.DD,SAGILITY,"544282",364749,,140150,,3
76,MEDI ASSIST HEALTH SER L,137,,2024-09-04 10:58:18.053,2025-01-02 10:30:37.360,MEDIASSIST.DD,MEDIASSIST,,76635,,116413,,3
57,NHPC Ltd.,72,74,2024-09-04 10:58:18.053,2025-01-02 10:30:32.529,NHPC.DD,NHPC,,4036,,71670,,3
589,Rashi Peripherals Limited,64,65,2024-09-04 10:58:18.053,2024-12-17 10:00:01.711,RPTECH.DD,RPTECH,,32021,,135564,,0
864,Indian Metals & Ferro Alloys Ltd.,56,58,2024-09-04 10:58:18.053,2025-01-02 10:30:32.529,IMFA.DD,IMFA,"533047",836,,77592,,3
544,Star Cement Ltd.,92,73,2024-09-04 10:58:18.053,2025-01-02 10:30:37.360,STARCEMENT.DD,STARCEMENT,"540575",4046,,113479,,3
2067,FSN E-Commerce Ventures Ltd,118,122,2024-09-04 10:58:18.053,2025-01-02 10:30:37.360,NYKAA.DD,NYKAA,"543384",28045,,129879,,3
2060,Sandhar Technologies Ltd.,1,4,2024-09-04 10:58:18.053,2025-01-02 10:30:32.529,SANDHAR.DD,SANDHAR,"541163",26864,,103180,,3
696,IDFC First Bank,20,22,2024-09-04 10:58:18.053,2025-01-02 10:30:32.529,IDFCFIRSTB.DD,IDFCFIRSTB,"539437",246,,105312,,3
1622,SBFC Finance Ltd.,20,26,2024-09-04 10:58:18.053,2025-01-02 10:30:37.360,SBFC.DD,SBFC,"543959",28137,,134771,,3
1351,Orient Electric Ltd.,7,11,2024-09-04 10:58:18.053,2025-01-02 10:30:37.360,ORIENTELEC.DD,ORIENTELEC,,26298,,115693,,3
847,Godrej Properties Ltd.,72,75,2024-09-04 10:58:18.053,2025-01-02 10:30:32.529,GODREJPROP.DD,GODREJPROP,"533150",720,,71096,,3
547,State Bank of India,20,21,2024-09-04 10:58:18.053,2025-01-02 10:30:27.925,SBIN.DD,SBIN,,122,,21553,,3
1510,CarTrade Tech Limited,31,34,2024-09-04 10:58:18.053,2025-01-02 10:30:37.360,CARTRADE.DD,CARTRADE,"543333",28011,,128658,,3
1326,Schaeffler (Fag Bearings) India Ltd,38,47,2024-09-04 10:58:18.053,2025-01-02 10:30:27.925,SCHAEFFLER.DD,SCHAEFFLER,,4006,,26247,,12
1731,MAX ESTATES LIMITED,70,75,2024-09-04 10:58:18.053,2025-01-02 10:30:37.360,MAXESTATES.DD,MAXESTATES,"544008",76303,,137998,,3
949,NESCO Ltd.,64,14,2024-09-04 10:58:18.053,2025-01-02 10:30:32.529,NESCO.DD,NESCO,"505355",1124,,61700,,3
1202,Sharda Motor Industries Ltd.,1,4,2024-09-04 10:58:18.053,2025-01-02 10:30:32.529,SHARDAMOTR.DD,SHARDAMOTR,"535602",2021,,97892,,3
180775,Cube Highways Trust,,,2024-12-16 06:55:43.366,2024-12-17 10:00:01.711,CUBEINVIT.DD,CUBEINVIT,,,,133944,,0
1414,Prince Pipes And Fittings Ltd.,38,43,2024-09-04 10:58:18.053,2025-01-02 10:30:37.360,PRINCEPIPE.DD,PRINCEPIPE,"542907",27918,,115292,,3
1651,Tracxn Technologies Limited,31,33,2024-09-04 10:58:18.053,2024-12-25 19:00:00.948,TRACXN.DD,TRACXN,"543638",28535,,134618,,0
1231,Torrent Power Ltd,72,74,2024-12-06 09:02:06.391,2025-01-02 10:30:27.925,Torrent.DD,TORNTPOWER,,4014,,58201,,3
1260,Indian Energy Exchange Ltd.,20,27,2024-09-04 10:58:18.053,2025-01-02 10:30:32.529,IEX.DD,IEX,"540750",4045,,98460,,3
1411,Gujarat Fluorochemicals Ltd,38,42,2024-09-04 10:58:18.053,2025-01-02 10:30:37.360,FLUOROCHEM.DD,FLUOROCHEM,"542812",27917,,121301,,3
899,J. Kumar Infraprojects Ltd.,72,77,2024-09-04 10:58:18.053,2025-01-02 10:30:32.529,JKIL.DD,JKIL,"532940",917,,65384,,3
935,Uno Minda Ltd,1,4,2024-09-04 10:58:18.053,2025-01-02 10:30:32.529,UNOMINDA.DD,UNOMINDA,"532539",1068,,61659,,12
1051,Thangamayil Jewellery Limited,7,98,2024-09-04 10:58:18.053,2025-01-02 10:30:32.529,THANGAMAYL.DD,THANGAMAYL,"533158",1468,,76923,,3
419,Oberoi Realty Ltd.,72,75,2024-09-04 10:58:18.053,2025-01-02 10:30:32.529,OBEROIRLTY.DD,OBEROIRLTY,"533273",1152,,80482,,3
2086,Jyoti CNC Automation Limited,38,39,2024-09-04 10:58:18.053,2024-12-25 19:00:00.948,JYOTICNC.DD,JYOTICNC,,28307,,93844,,0
1591,Archean Chemical Industries Limited,38,42,2024-09-04 10:58:18.053,2025-01-02 10:30:37.360,ACI.DD,ACI,,28105,,132674,,3
36326,Swiggy Limited,118,122,2024-11-30 02:44:40.379,2025-01-02 10:30:37.360,SWIGGY.DD,SWIGGY,"544285",370280,,140761,,3
1405,CSB Bank,20,22,2024-09-04 10:58:18.053,2025-01-02 10:30:37.360,CSBBANK.DD,CSBBANK,"542867",27912,,121377,,3
1490,Tatva Chintan Pharma Chem Ltd,38,42,2024-09-04 10:58:18.053,2025-01-02 10:30:37.360,TATVA.DD,TATVA,"543321",27998,,129519,,3
1583,Electronics Mart India Limited,7,11,2024-09-04 10:58:18.053,2025-01-02 10:30:37.360,EMIL.DD,EMIL,,28093,,130404,,3
1931,Godrej Agrovet Ltd.,78,97,2024-09-04 10:58:18.053,2025-01-02 10:30:37.360,GODREJAGRO.DD,GODREJAGRO,"540743",25013,,112010,,3
1633,Blue Jet Healthcare Ltd,28,30,2024-09-04 10:58:18.053,2025-01-02 10:30:37.360,BLUEJET.DD,BLUEJET,"544009",28295,,137987,,3
247,India Shelter Finance Corporation Limited,20,24,2024-09-04 10:58:18.053,2025-01-02 10:30:37.360,INDIASHLTR.DD,INDIASHLTR,,28330,,137848,,3
1560,Metro Brands Limited,118,120,2024-09-04 10:58:18.053,2025-01-02 10:30:37.360,METROBRAND.DD,METROBRAND,"543426",28060,,130052,,3
2071,Honasa Consumer Ltd,7,9,2024-09-04 10:58:18.053,2025-01-02 10:30:37.360,HONASA.DD,HONASA,"544014",28270,,138013,,3
1659,AXISCADES Technologies Limited,31,33,2024-09-04 10:58:18.053,2025-01-02 10:30:32.529,AXISCADES.DD,AXISCADES,"532395",32017,,69702,,3
208,Aadhar Housing Finance Limited,20,24,2024-09-04 10:58:18.053,2025-01-02 10:30:37.360,AADHARHFC.DD,AADHARHFC,,77089,,126767,,3
1935,Redtape Limited,118,120,2024-09-04 10:58:18.053,2024-12-25 19:00:00.948,REDTAPE.DD,REDTAPE,"543957",28328,,137591,,0
3292,S. P. Apparels Limited,38,109,2024-09-21 16:05:08.064,2025-01-02 10:30:37.360,SPAL.DD,SPAL,,2042,,109141,,3
19366,Hyundai Motor India Limited,1,2,2024-11-13 06:29:46.502,2025-01-02 10:30:37.360,HYUNDAI.DD,HYUNDAI,,297249,,139590,,3
1283,PCBL Ltd,38,44,2024-09-04 10:58:18.053,2025-01-02 10:30:32.529,PCBL.DD,PCBL,"506590",4069,,61691,,3
42,Hindustan Aeronautics Ltd,38,45,2024-09-04 10:58:18.053,2025-01-02 10:30:32.529,HAL.DD,HAL,,25201,,91994,,3
1941,Metropolis Healthcare Ltd.,28,86,2024-09-04 10:58:18.053,2025-01-02 10:30:37.360,METROPOLIS.DD,METROPOLIS,"542650",27908,,109039,,3
1438,Greenpanel Industries Ltd,92,94,2024-09-04 10:58:18.053,2024-12-25 19:00:00.948,GREENPANEL.DD,GREENPANEL,"542857",27945,,121169,,0
1458,Barbeque Nation Hospitality Ltd,118,99,2024-09-04 10:58:18.053,2025-01-02 10:30:37.360,BARBEQUE.DD,BARBEQUE,"543283",27978,,110401,,3
1543,C.E. Info Systems Ltd,31,36,2024-09-04 10:58:18.053,2025-01-02 10:30:37.360,MAPMYINDIA.DD,MAPMYINDIA,,28058,,131687,,3
1565,Motherson Sumi Wiring India Limited.,1,4,2024-09-04 10:58:18.053,2024-12-25 19:00:00.948,MSUMI.DD,MSUMI,"543498",28083,,133344,,0
1496,Max Healthcare Institute Ltd,28,29,2024-09-04 10:58:18.053,2025-01-02 10:30:37.360,MAXHEALTH.DD,MAXHEALTH,,28003,,125369,,3
1577,Fusion Micro Finance Ltd.,20,25,2024-09-04 10:58:18.053,2025-01-02 10:30:37.360,FUSION.DD,FUSION,"543652",28095,,134815,,3
294,Central Depository Services Ltd,20,27,2024-09-04 10:58:18.053,2025-01-02 10:30:32.529,CDSL.DD,CDSL,,4007,,103140,,3
1616,Netweb Technologies India Ltd,38,46,2024-09-04 10:58:18.053,2025-01-02 10:30:37.360,NETWEB.DD,NETWEB,"543945",28136,,136405,,3
88,Dodla Dairy Limited,7,90,2024-09-04 10:58:18.053,2025-01-02 10:30:37.360,DODLA.DD,DODLA,"543306",77194,,114977,,3
1574,Paradeep Phosphates Limited,38,42,2024-09-04 10:58:18.053,2025-01-02 10:30:37.360,PARADEEP.DD,PARADEEP,"543530",28094,,129910,,3
1493,Devyani International Ltd,118,99,2024-09-04 10:58:18.053,2025-01-02 10:30:32.529,DEVYANI.DD,DEVYANI,,28005,,97411,,3
1541,PB Fintech Ltd,31,34,2024-09-04 10:58:18.053,2025-01-02 10:30:37.360,POLICYBZR.DD,POLICYBZR,,28047,,130204,,3
1538,Sapphire Foods India Ltd.,118,99,2024-09-04 10:58:18.053,2025-01-02 10:30:37.360,SAPPHIRE.DD,SAPPHIRE,,28051,,131104,,3
1432,Astec LifeSciences Ltd,78,79,2024-09-04 10:58:18.053,2025-01-02 10:30:32.529,ASTEC.DD,ASTEC,"533138",389,,71722,,3
1336,HDFC Asset Management Company Ltd.,20,115,2024-09-04 10:58:18.053,2025-01-02 10:30:37.360,HDFCAMC.DD,HDFCAMC,"541729",24450,,115106,,3
198,Indus Towers Ltd.,68,70,2024-09-04 10:58:18.053,2025-01-02 10:30:32.529,INDUSTOWER.DD,INDUSTOWER,,76,,86602,,3
1329,Bandhan Bank Ltd.,20,22,2024-09-04 10:58:18.053,2025-01-02 10:30:32.529,BANDHANBNK.DD,BANDHANBNK,,24218,,106312,,3
1592,Piramal Pharma Ltd,28,30,2024-09-04 10:58:18.053,2024-12-25 19:00:00.948,PPLPHARMA.DD,PPLPHARMA,"543635",28107,,134607,,0
511,Manappuram Finance Ltd,20,26,2024-09-04 10:58:18.053,2025-01-02 10:30:32.529,MANAPPURAM.DD,MANAPPURAM,"531213",95,,70079,,3
195,Coforge Ltd,31,36,2024-09-04 10:58:18.053,2025-01-02 10:30:27.925,COFORGE.DD,COFORGE,,69,,45522,,3
2032,Unicommerce Esolutions Limited,31,37,2024-09-04 10:58:18.053,2025-01-02 10:30:37.360,UNIECOM.DD,UNIECOM,,51777,,140066,,3
810,GE T&D India Ltd.,38,39,2024-12-06 09:02:06.391,2024-12-16 19:00:00.934,GET&D.DD,GET&D,"522275",1730,,,,0
1150,Andhra Paper Ltd.,38,108,2024-09-04 10:58:18.053,2025-01-02 10:30:27.925,ANDHRAPAP.DD,ANDHRAPAP,,1784,,27555,,3
638,Avenue Supermarts Limited,118,121,2024-09-04 10:58:18.053,2025-01-02 10:30:37.360,DMART.DD,DMART,"540376",213,,109470,,3
1456,Mindspace Business Parks REIT,72,75,2024-09-04 10:58:18.053,2025-01-02 10:30:37.360,MINDSPACE.DD,MINDSPACE,,27966,,121836,,3
1787,AWFIS Space Solutions Limited,72,75,2024-09-04 10:58:18.053,2025-01-02 10:30:37.360,AWFIS.DD,AWFIS,,32008,,138381,,3
102,M&M Financial Services Ltd,20,26,2024-09-04 10:58:18.053,2025-01-02 10:30:27.925,M&MFIN.DD,M&MFIN,,99,,50474,,3
39,ERIS LIFESCIENCES Ltd,28,30,2024-09-04 10:58:18.053,2025-01-02 10:30:37.360,ERIS.DD,ERIS,,4008,,112155,,3
1226,Endurance Technologies Ltd,1,4,2024-09-04 10:58:18.053,2025-01-02 10:30:32.529,ENDURANCE.DD,ENDURANCE,,4010,,83857,,3
1100,Advanced Enzyme Technologies Ltd.,78,79,2024-09-04 10:58:18.053,2025-01-02 10:30:32.529,ADVENZYMES.DD,ADVENZYMES,"540025",1612,,93995,,3
1246,SBI Life Insurance Company Ltd,20,89,2024-09-04 10:58:18.053,2025-01-02 10:30:32.529,SBILIFE.DD,SBILIFE,"540719",4032,,103095,,3
1401,Affle (India) Limited,31,34,2024-09-04 10:58:18.053,2025-01-02 10:30:37.360,AFFLE.DD,AFFLE,"542752",27911,,117049,,3
1422,Embassy Office Parks REIT,72,75,2024-09-04 10:58:18.053,2025-01-02 10:30:32.529,EMBASSY.DD,EMBASSY,,27931,,107144,,3
593,Bajaj Consumer care Ltd.,7,9,2024-09-04 10:58:18.053,2025-01-02 10:30:32.529,BAJAJCON.DD,BAJAJCON,,174,,81083,,3
626,S.J.S. Enterprises Limited,1,4,2024-09-04 10:58:18.053,2025-01-02 10:30:37.360,SJS.DD,SJS,"543387",28048,,129820,,3
143,Anand Rathi Wealth Ltd,20,115,2024-09-04 10:58:18.053,2025-01-02 10:30:37.360,ANANDRATHI.DD,ANANDRATHI,"543415",28057,,132596,,3
1554,CMS Info Systems Ltd,31,37,2024-09-04 10:58:18.053,2025-01-02 10:30:37.360,CMSINFO.DD,CMSINFO,"543441",28068,,113386,,3
1561,Cholamandalam Financial Holdings Ltd,20,26,2024-09-04 10:58:18.053,2025-01-02 10:30:27.925,CHOLAHLDNG.DD,CHOLAHLDNG,,28076,,25388,,3
67,"360 ONE WAM Ltd",20,115,2024-09-04 10:58:18.053,2024-12-17 10:00:01.711,"360ONE.DD","360ONE",,27925,,120914,,0
1415,Aavas Financiers Ltd.,20,24,2024-09-04 10:58:18.053,2025-01-02 10:30:37.360,AAVAS.DD,AAVAS,,27920,,115880,,3
1431,Angel One Ltd.,20,83,2024-09-04 10:58:18.053,2025-01-02 10:30:37.360,ANGELONE.DD,ANGELONE,,27946,,117519,,3
1343,ICICI Securities Ltd.,20,83,2024-09-04 10:58:18.053,2025-01-02 10:30:37.360,ISEC.DD,ISEC,,25252,,114590,,3
1391,Chalet Hotels Ltd.,64,14,2024-09-04 10:58:18.053,2025-01-02 10:30:37.360,CHALET.DD,CHALET,,27905,,116938,,3
1654,Emcure Pharmaceuticals Limited,28,30,2024-09-04 10:58:18.053,2025-01-02 10:30:32.529,EMCURE.DD,EMCURE,,32025,,94904,,3
1580,Bikaji Foods International Limited,7,9,2024-09-04 10:58:18.053,2025-01-02 10:30:37.360,BIKAJI.DD,BIKAJI,,28101,,132659,,3
1535,Latent View Analytics Ltd,31,36,2024-09-04 10:58:18.053,2025-01-02 10:30:37.360,LATENTVIEW.DD,LATENTVIEW,,28052,,130289,,3
1620,Cyient DLM Ltd,38,46,2024-09-04 10:58:18.053,2025-01-02 10:30:37.360,CYIENTDLM.DD,CYIENTDLM,,28143,,135587,,3
1626,ASK Automotive Ltd,1,4,2024-09-04 10:58:18.053,2025-01-02 10:30:37.360,ASKAUTOLTD.DD,ASKAUTOLTD,,28272,,137160,,3
1650,Aarti Pharmalabs Limited,28,30,2024-09-04 10:58:18.053,2024-12-17 10:00:01.711,AARTIPHARM.DD,AARTIPHARM,,28344,,135681,,0
9232,Bajaj Housing Finance Limited,20,24,2024-09-24 09:46:26.580,2025-01-02 10:30:37.360,BAJAJHFL.DD,BAJAJHFL,,162987,,139846,,3
34002,NTPC Green Energy Limited,72,74,2024-11-30 02:44:39.780,2024-12-17 10:00:01.843,NTPCGREEN.DD,NTPCGREEN,,400220,,140952,,0
3092,Kross Limited,38,47,2024-09-21 16:05:08.064,2024-12-17 10:00:01.843,KROSS.DD,KROSS,,162224,,140285,,0
1721,Brainbees Solutions Limited,118,122,2024-09-04 10:58:18.053,2025-01-02 10:30:37.360,FIRSTCRY.DD,FIRSTCRY,,32048,,139458,,3
4,Ecos (India) Mobility & Hospitality Limited,64,65,2024-09-04 10:58:18.053,2024-12-17 10:00:01.843,ECOSMOBLTY.DD,ECOSMOBLTY,,115569,,140078,,0
623,Adani Ports & SEZ Ltd.,72,66,2024-09-04 10:58:18.053,2025-01-02 10:30:27.925,ADANIPORTS.DD,ADANIPORTS,,193,,61184,,3
1361,PSP Projects Ltd.,72,107,2024-09-04 10:58:18.053,2025-01-02 10:30:37.360,PSPPROJECT.DD,PSPPROJECT,,26544,,111154,,3
1392,CreditAccess Grameen Ltd,20,26,2024-09-04 10:58:18.053,2025-01-02 10:30:37.360,CREDITACC.DD,CREDITACC,,27913,,115462,,3
1457,Craftsman Automation Ltd,38,48,2024-09-04 10:58:18.053,2025-01-02 10:30:37.360,CRAFTSMAN.DD,CRAFTSMAN,,27973,,127424,,3
48,KSB Ltd.,38,39,2024-09-04 10:58:18.053,2025-01-02 10:30:27.925,KSB.DD,KSB,,993,,52751,,12
1531,Aditya Birla Sun Life Asset Management Company Ltd,20,115,2024-09-04 10:58:18.053,2025-01-02 10:30:37.360,ABSLAMC.DD,ABSLAMC,,28035,,127758,,3
36395,Waaree Energies Limited,38,46,2024-11-30 02:44:40.379,2024-12-25 19:00:00.948,WAAREEENER.DD,WAAREEENER,"544277",314761,,130066,,0
1572,Krishna Institute of Medical Sciences Ltd,28,29,2024-09-04 10:58:18.053,2025-01-02 10:30:32.529,KIMS.DD,KIMS,,28081,,107926,,3
1410,IndiaMART InterMESH Ltd.,31,34,2024-09-04 10:58:18.053,2025-01-02 10:30:32.529,INDIAMART.DD,INDIAMART,,27927,,98485,,3
1758,Ceigall India Limited,72,107,2024-09-04 10:58:18.053,2024-12-17 10:00:01.843,CEIGALL.DD,CEIGALL,,32047,,140056,,0
601,Varun Beverages,7,12,2024-09-04 10:58:18.053,2025-01-02 10:30:32.529,VBL.DD,VBL,,177,,97455,,12
1504,Jupiter Life Line Hospitals Limited,28,29,2024-09-04 10:58:18.053,2025-01-02 10:30:37.360,JLHL.DD,JLHL,,28142,,136751,,3
1302,Interarch Building Products Limited,92,95,2024-09-04 10:58:18.053,2024-12-17 10:00:01.843,INTERARCH.DD,INTERARCH,,75465,,140151,,0
1661,Bharat Highways InvIT,72,76,2024-09-04 10:58:18.053,2024-12-17 10:00:01.711,BHINVIT.DD,BHINVIT,,32035,,135518,,0
2051,PG Electrolplast Ltd,38,46,2024-09-04 10:58:18.053,2025-01-02 10:30:32.529,PGEL.DD,PGEL,,1934,,87419,,3
1525,Brookfield India Real Estate Trust,72,75,2024-09-04 10:58:18.053,2025-01-02 10:30:37.360,BIRET.DD,BIRET,,28029,,126991,,12
1606,Nexus Select Trust,72,75,2024-09-04 10:58:18.053,2024-12-17 10:00:01.711,NXST.DD,NXST,,28128,,136930,,0
2,Premier Energies Limited,38,46,2024-09-04 10:58:18.053,2025-01-02 10:30:37.360,PREMIERENE.DD,PREMIERENE,,111598,,139452,,3
